Command line invocation:
    /Applications/Xcode.app/Contents/Developer/usr/bin/xcodebuild -workspace MapxusHsitpExample.xcworkspace -scheme MapxusHsitpExample -configuration Debug -sdk iphonesimulator -destination id=0ABC35AC-EB8C-493F-AF66-7B0BC9DD37E2 build

User defaults from command line:
    IDEPackageSupportUseBuiltinSCM = YES

Build settings from command line:
    SDKROOT = iphonesimulator18.2

Prepare packages

ComputeTargetDependencyGraph
note: Building targets in dependency order
note: Target dependency graph (85 targets)
    Target 'MapxusHsitpExample' in project 'MapxusHsitpExample'
        ➜ Implicit dependency on target 'Pods-MapxusHsitpExample' in project 'Pods' via file 'libPods-MapxusHsitpExample.a' in build phase 'Link Binary'
        ➜ Implicit dependency on target 'DoubleConversion' in project 'Pods' via options '-lDoubleConversion' in build setting 'OTHER_LDFLAGS'
        ➜ Implicit dependency on target 'MapxusHsitp' in project 'Pods' via options '-lMapxusHsitp' in build setting 'OTHER_LDFLAGS'
        ➜ Implicit dependency on target 'RCT-Folly' in project 'Pods' via options '-lRCT-Folly' in build setting 'OTHER_LDFLAGS'
        ➜ Implicit dependency on target 'RCTDeprecation' in project 'Pods' via options '-lRCTDeprecation' in build setting 'OTHER_LDFLAGS'
        ➜ Implicit dependency on target 'RCTTypeSafety' in project 'Pods' via options '-lRCTTypeSafety' in build setting 'OTHER_LDFLAGS'
        ➜ Implicit dependency on target 'RNGestureHandler' in project 'Pods' via options '-lRNGestureHandler' in build setting 'OTHER_LDFLAGS'
        ➜ Implicit dependency on target 'RNReanimated' in project 'Pods' via options '-lRNReanimated' in build setting 'OTHER_LDFLAGS'
        ➜ Implicit dependency on target 'RNScreens' in project 'Pods' via options '-lRNScreens' in build setting 'OTHER_LDFLAGS'
        ➜ Implicit dependency on target 'RNWorklets' in project 'Pods' via options '-lRNWorklets' in build setting 'OTHER_LDFLAGS'
        ➜ Implicit dependency on target 'React-Core' in project 'Pods' via options '-lReact-Core' in build setting 'OTHER_LDFLAGS'
        ➜ Implicit dependency on target 'React-CoreModules' in project 'Pods' via options '-lReact-CoreModules' in build setting 'OTHER_LDFLAGS'
        ➜ Implicit dependency on target 'React-Fabric' in project 'Pods' via options '-lReact-Fabric' in build setting 'OTHER_LDFLAGS'
        ➜ Implicit dependency on target 'React-FabricComponents' in project 'Pods' via options '-lReact-FabricComponents' in build setting 'OTHER_LDFLAGS'
        ➜ Implicit dependency on target 'React-FabricImage' in project 'Pods' via options '-lReact-FabricImage' in build setting 'OTHER_LDFLAGS'
        ➜ Implicit dependency on target 'React-ImageManager' in project 'Pods' via options '-lReact-ImageManager' in build setting 'OTHER_LDFLAGS'
        ➜ Implicit dependency on target 'React-Mapbuffer' in project 'Pods' via options '-lReact-Mapbuffer' in build setting 'OTHER_LDFLAGS'
        ➜ Implicit dependency on target 'React-NativeModulesApple' in project 'Pods' via options '-lReact-NativeModulesApple' in build setting 'OTHER_LDFLAGS'
        ➜ Implicit dependency on target 'React-RCTAnimation' in project 'Pods' via options '-lReact-RCTAnimation' in build setting 'OTHER_LDFLAGS'
        ➜ Implicit dependency on target 'React-RCTAppDelegate' in project 'Pods' via options '-lReact-RCTAppDelegate' in build setting 'OTHER_LDFLAGS'
        ➜ Implicit dependency on target 'React-RCTBlob' in project 'Pods' via options '-lReact-RCTBlob' in build setting 'OTHER_LDFLAGS'
        ➜ Implicit dependency on target 'React-RCTFBReactNativeSpec' in project 'Pods' via options '-lReact-RCTFBReactNativeSpec' in build setting 'OTHER_LDFLAGS'
        ➜ Implicit dependency on target 'React-RCTFabric' in project 'Pods' via options '-lReact-RCTFabric' in build setting 'OTHER_LDFLAGS'
        ➜ Implicit dependency on target 'React-RCTImage' in project 'Pods' via options '-lReact-RCTImage' in build setting 'OTHER_LDFLAGS'
        ➜ Implicit dependency on target 'React-RCTLinking' in project 'Pods' via options '-lReact-RCTLinking' in build setting 'OTHER_LDFLAGS'
        ➜ Implicit dependency on target 'React-RCTNetwork' in project 'Pods' via options '-lReact-RCTNetwork' in build setting 'OTHER_LDFLAGS'
        ➜ Implicit dependency on target 'React-RCTRuntime' in project 'Pods' via options '-lReact-RCTRuntime' in build setting 'OTHER_LDFLAGS'
        ➜ Implicit dependency on target 'React-RCTSettings' in project 'Pods' via options '-lReact-RCTSettings' in build setting 'OTHER_LDFLAGS'
        ➜ Implicit dependency on target 'React-RCTText' in project 'Pods' via options '-lReact-RCTText' in build setting 'OTHER_LDFLAGS'
        ➜ Implicit dependency on target 'React-RCTVibration' in project 'Pods' via options '-lReact-RCTVibration' in build setting 'OTHER_LDFLAGS'
        ➜ Implicit dependency on target 'React-RuntimeApple' in project 'Pods' via options '-lReact-RuntimeApple' in build setting 'OTHER_LDFLAGS'
        ➜ Implicit dependency on target 'React-RuntimeCore' in project 'Pods' via options '-lReact-RuntimeCore' in build setting 'OTHER_LDFLAGS'
        ➜ Implicit dependency on target 'React-RuntimeHermes' in project 'Pods' via options '-lReact-RuntimeHermes' in build setting 'OTHER_LDFLAGS'
        ➜ Implicit dependency on target 'React-cxxreact' in project 'Pods' via options '-lReact-cxxreact' in build setting 'OTHER_LDFLAGS'
        ➜ Implicit dependency on target 'React-debug' in project 'Pods' via options '-lReact-debug' in build setting 'OTHER_LDFLAGS'
        ➜ Implicit dependency on target 'React-defaultsnativemodule' in project 'Pods' via options '-lReact-defaultsnativemodule' in build setting 'OTHER_LDFLAGS'
        ➜ Implicit dependency on target 'React-domnativemodule' in project 'Pods' via options '-lReact-domnativemodule' in build setting 'OTHER_LDFLAGS'
        ➜ Implicit dependency on target 'React-featureflags' in project 'Pods' via options '-lReact-featureflags' in build setting 'OTHER_LDFLAGS'
        ➜ Implicit dependency on target 'React-featureflagsnativemodule' in project 'Pods' via options '-lReact-featureflagsnativemodule' in build setting 'OTHER_LDFLAGS'
        ➜ Implicit dependency on target 'React-graphics' in project 'Pods' via options '-lReact-graphics' in build setting 'OTHER_LDFLAGS'
        ➜ Implicit dependency on target 'React-hermes' in project 'Pods' via options '-lReact-hermes' in build setting 'OTHER_LDFLAGS'
        ➜ Implicit dependency on target 'React-idlecallbacksnativemodule' in project 'Pods' via options '-lReact-idlecallbacksnativemodule' in build setting 'OTHER_LDFLAGS'
        ➜ Implicit dependency on target 'React-jserrorhandler' in project 'Pods' via options '-lReact-jserrorhandler' in build setting 'OTHER_LDFLAGS'
        ➜ Implicit dependency on target 'React-jsi' in project 'Pods' via options '-lReact-jsi' in build setting 'OTHER_LDFLAGS'
        ➜ Implicit dependency on target 'React-jsiexecutor' in project 'Pods' via options '-lReact-jsiexecutor' in build setting 'OTHER_LDFLAGS'
        ➜ Implicit dependency on target 'React-jsinspector' in project 'Pods' via options '-lReact-jsinspector' in build setting 'OTHER_LDFLAGS'
        ➜ Implicit dependency on target 'React-jsinspectorcdp' in project 'Pods' via options '-lReact-jsinspectorcdp' in build setting 'OTHER_LDFLAGS'
        ➜ Implicit dependency on target 'React-jsinspectornetwork' in project 'Pods' via options '-lReact-jsinspectornetwork' in build setting 'OTHER_LDFLAGS'
        ➜ Implicit dependency on target 'React-jsinspectortracing' in project 'Pods' via options '-lReact-jsinspectortracing' in build setting 'OTHER_LDFLAGS'
        ➜ Implicit dependency on target 'React-jsitooling' in project 'Pods' via options '-lReact-jsitooling' in build setting 'OTHER_LDFLAGS'
        ➜ Implicit dependency on target 'React-logger' in project 'Pods' via options '-lReact-logger' in build setting 'OTHER_LDFLAGS'
        ➜ Implicit dependency on target 'React-microtasksnativemodule' in project 'Pods' via options '-lReact-microtasksnativemodule' in build setting 'OTHER_LDFLAGS'
        ➜ Implicit dependency on target 'React-oscompat' in project 'Pods' via options '-lReact-oscompat' in build setting 'OTHER_LDFLAGS'
        ➜ Implicit dependency on target 'React-perflogger' in project 'Pods' via options '-lReact-perflogger' in build setting 'OTHER_LDFLAGS'
        ➜ Implicit dependency on target 'React-performancetimeline' in project 'Pods' via options '-lReact-performancetimeline' in build setting 'OTHER_LDFLAGS'
        ➜ Implicit dependency on target 'React-rendererconsistency' in project 'Pods' via options '-lReact-rendererconsistency' in build setting 'OTHER_LDFLAGS'
        ➜ Implicit dependency on target 'React-renderercss' in project 'Pods' via options '-lReact-renderercss' in build setting 'OTHER_LDFLAGS'
        ➜ Implicit dependency on target 'React-rendererdebug' in project 'Pods' via options '-lReact-rendererdebug' in build setting 'OTHER_LDFLAGS'
        ➜ Implicit dependency on target 'React-runtimeexecutor' in project 'Pods' via options '-lReact-runtimeexecutor' in build setting 'OTHER_LDFLAGS'
        ➜ Implicit dependency on target 'React-runtimescheduler' in project 'Pods' via options '-lReact-runtimescheduler' in build setting 'OTHER_LDFLAGS'
        ➜ Implicit dependency on target 'React-utils' in project 'Pods' via options '-lReact-utils' in build setting 'OTHER_LDFLAGS'
        ➜ Implicit dependency on target 'ReactAppDependencyProvider' in project 'Pods' via options '-lReactAppDependencyProvider' in build setting 'OTHER_LDFLAGS'
        ➜ Implicit dependency on target 'ReactCodegen' in project 'Pods' via options '-lReactCodegen' in build setting 'OTHER_LDFLAGS'
        ➜ Implicit dependency on target 'ReactCommon' in project 'Pods' via options '-lReactCommon' in build setting 'OTHER_LDFLAGS'
        ➜ Implicit dependency on target 'SocketRocket' in project 'Pods' via options '-lSocketRocket' in build setting 'OTHER_LDFLAGS'
        ➜ Implicit dependency on target 'Yoga' in project 'Pods' via options '-lYoga' in build setting 'OTHER_LDFLAGS'
        ➜ Implicit dependency on target 'fmt' in project 'Pods' via options '-lfmt' in build setting 'OTHER_LDFLAGS'
        ➜ Implicit dependency on target 'glog' in project 'Pods' via options '-lglog' in build setting 'OTHER_LDFLAGS'
        ➜ Implicit dependency on target 'react-native-safe-area-context' in project 'Pods' via options '-lreact-native-safe-area-context' in build setting 'OTHER_LDFLAGS'
    Target 'Pods-MapxusHsitpExample' in project 'Pods'
        ➜ Explicit dependency on target 'DoubleConversion' in project 'Pods'
        ➜ Explicit dependency on target 'FBLazyVector' in project 'Pods'
        ➜ Explicit dependency on target 'MapxusHsitp' in project 'Pods'
        ➜ Explicit dependency on target 'RCT-Folly' in project 'Pods'
        ➜ Explicit dependency on target 'RCTDeprecation' in project 'Pods'
        ➜ Explicit dependency on target 'RCTRequired' in project 'Pods'
        ➜ Explicit dependency on target 'RCTTypeSafety' in project 'Pods'
        ➜ Explicit dependency on target 'RNGestureHandler' in project 'Pods'
        ➜ Explicit dependency on target 'RNReanimated' in project 'Pods'
        ➜ Explicit dependency on target 'RNScreens' in project 'Pods'
        ➜ Explicit dependency on target 'RNWorklets' in project 'Pods'
        ➜ Explicit dependency on target 'React' in project 'Pods'
        ➜ Explicit dependency on target 'React-Core' in project 'Pods'
        ➜ Explicit dependency on target 'React-CoreModules' in project 'Pods'
        ➜ Explicit dependency on target 'React-Fabric' in project 'Pods'
        ➜ Explicit dependency on target 'React-FabricComponents' in project 'Pods'
        ➜ Explicit dependency on target 'React-FabricImage' in project 'Pods'
        ➜ Explicit dependency on target 'React-ImageManager' in project 'Pods'
        ➜ Explicit dependency on target 'React-Mapbuffer' in project 'Pods'
        ➜ Explicit dependency on target 'React-NativeModulesApple' in project 'Pods'
        ➜ Explicit dependency on target 'React-RCTActionSheet' in project 'Pods'
        ➜ Explicit dependency on target 'React-RCTAnimation' in project 'Pods'
        ➜ Explicit dependency on target 'React-RCTAppDelegate' in project 'Pods'
        ➜ Explicit dependency on target 'React-RCTBlob' in project 'Pods'
        ➜ Explicit dependency on target 'React-RCTFBReactNativeSpec' in project 'Pods'
        ➜ Explicit dependency on target 'React-RCTFabric' in project 'Pods'
        ➜ Explicit dependency on target 'React-RCTImage' in project 'Pods'
        ➜ Explicit dependency on target 'React-RCTLinking' in project 'Pods'
        ➜ Explicit dependency on target 'React-RCTNetwork' in project 'Pods'
        ➜ Explicit dependency on target 'React-RCTRuntime' in project 'Pods'
        ➜ Explicit dependency on target 'React-RCTSettings' in project 'Pods'
        ➜ Explicit dependency on target 'React-RCTText' in project 'Pods'
        ➜ Explicit dependency on target 'React-RCTVibration' in project 'Pods'
        ➜ Explicit dependency on target 'React-RuntimeApple' in project 'Pods'
        ➜ Explicit dependency on target 'React-RuntimeCore' in project 'Pods'
        ➜ Explicit dependency on target 'React-RuntimeHermes' in project 'Pods'
        ➜ Explicit dependency on target 'React-callinvoker' in project 'Pods'
        ➜ Explicit dependency on target 'React-cxxreact' in project 'Pods'
        ➜ Explicit dependency on target 'React-debug' in project 'Pods'
        ➜ Explicit dependency on target 'React-defaultsnativemodule' in project 'Pods'
        ➜ Explicit dependency on target 'React-domnativemodule' in project 'Pods'
        ➜ Explicit dependency on target 'React-featureflags' in project 'Pods'
        ➜ Explicit dependency on target 'React-featureflagsnativemodule' in project 'Pods'
        ➜ Explicit dependency on target 'React-graphics' in project 'Pods'
        ➜ Explicit dependency on target 'React-hermes' in project 'Pods'
        ➜ Explicit dependency on target 'React-idlecallbacksnativemodule' in project 'Pods'
        ➜ Explicit dependency on target 'React-jserrorhandler' in project 'Pods'
        ➜ Explicit dependency on target 'React-jsi' in project 'Pods'
        ➜ Explicit dependency on target 'React-jsiexecutor' in project 'Pods'
        ➜ Explicit dependency on target 'React-jsinspector' in project 'Pods'
        ➜ Explicit dependency on target 'React-jsinspectorcdp' in project 'Pods'
        ➜ Explicit dependency on target 'React-jsinspectornetwork' in project 'Pods'
        ➜ Explicit dependency on target 'React-jsinspectortracing' in project 'Pods'
        ➜ Explicit dependency on target 'React-jsitooling' in project 'Pods'
        ➜ Explicit dependency on target 'React-jsitracing' in project 'Pods'
        ➜ Explicit dependency on target 'React-logger' in project 'Pods'
        ➜ Explicit dependency on target 'React-microtasksnativemodule' in project 'Pods'
        ➜ Explicit dependency on target 'React-oscompat' in project 'Pods'
        ➜ Explicit dependency on target 'React-perflogger' in project 'Pods'
        ➜ Explicit dependency on target 'React-performancetimeline' in project 'Pods'
        ➜ Explicit dependency on target 'React-rendererconsistency' in project 'Pods'
        ➜ Explicit dependency on target 'React-renderercss' in project 'Pods'
        ➜ Explicit dependency on target 'React-rendererdebug' in project 'Pods'
        ➜ Explicit dependency on target 'React-runtimeexecutor' in project 'Pods'
        ➜ Explicit dependency on target 'React-runtimescheduler' in project 'Pods'
        ➜ Explicit dependency on target 'React-timing' in project 'Pods'
        ➜ Explicit dependency on target 'React-utils' in project 'Pods'
        ➜ Explicit dependency on target 'ReactAppDependencyProvider' in project 'Pods'
        ➜ Explicit dependency on target 'ReactCodegen' in project 'Pods'
        ➜ Explicit dependency on target 'ReactCommon' in project 'Pods'
        ➜ Explicit dependency on target 'SocketRocket' in project 'Pods'
        ➜ Explicit dependency on target 'Yoga' in project 'Pods'
        ➜ Explicit dependency on target 'boost' in project 'Pods'
        ➜ Explicit dependency on target 'fast_float' in project 'Pods'
        ➜ Explicit dependency on target 'fmt' in project 'Pods'
        ➜ Explicit dependency on target 'glog' in project 'Pods'
        ➜ Explicit dependency on target 'hermes-engine' in project 'Pods'
        ➜ Explicit dependency on target 'react-native-safe-area-context' in project 'Pods'
    Target 'react-native-safe-area-context' in project 'Pods'
        ➜ Explicit dependency on target 'DoubleConversion' in project 'Pods'
        ➜ Explicit dependency on target 'RCT-Folly' in project 'Pods'
        ➜ Explicit dependency on target 'RCTRequired' in project 'Pods'
        ➜ Explicit dependency on target 'RCTTypeSafety' in project 'Pods'
        ➜ Explicit dependency on target 'React-Core' in project 'Pods'
        ➜ Explicit dependency on target 'React-Fabric' in project 'Pods'
        ➜ Explicit dependency on target 'React-ImageManager' in project 'Pods'
        ➜ Explicit dependency on target 'React-NativeModulesApple' in project 'Pods'
        ➜ Explicit dependency on target 'React-RCTFabric' in project 'Pods'
        ➜ Explicit dependency on target 'React-debug' in project 'Pods'
        ➜ Explicit dependency on target 'React-featureflags' in project 'Pods'
        ➜ Explicit dependency on target 'React-graphics' in project 'Pods'
        ➜ Explicit dependency on target 'React-jsi' in project 'Pods'
        ➜ Explicit dependency on target 'React-renderercss' in project 'Pods'
        ➜ Explicit dependency on target 'React-rendererdebug' in project 'Pods'
        ➜ Explicit dependency on target 'React-utils' in project 'Pods'
        ➜ Explicit dependency on target 'ReactCodegen' in project 'Pods'
        ➜ Explicit dependency on target 'ReactCommon' in project 'Pods'
        ➜ Explicit dependency on target 'SocketRocket' in project 'Pods'
        ➜ Explicit dependency on target 'Yoga' in project 'Pods'
        ➜ Explicit dependency on target 'boost' in project 'Pods'
        ➜ Explicit dependency on target 'fast_float' in project 'Pods'
        ➜ Explicit dependency on target 'fmt' in project 'Pods'
        ➜ Explicit dependency on target 'glog' in project 'Pods'
        ➜ Explicit dependency on target 'hermes-engine' in project 'Pods'
    Target 'ReactAppDependencyProvider' in project 'Pods'
        ➜ Explicit dependency on target 'ReactCodegen' in project 'Pods'
    Target 'React' in project 'Pods'
        ➜ Explicit dependency on target 'React-Core' in project 'Pods'
        ➜ Explicit dependency on target 'React-RCTActionSheet' in project 'Pods'
        ➜ Explicit dependency on target 'React-RCTAnimation' in project 'Pods'
        ➜ Explicit dependency on target 'React-RCTBlob' in project 'Pods'
        ➜ Explicit dependency on target 'React-RCTImage' in project 'Pods'
        ➜ Explicit dependency on target 'React-RCTLinking' in project 'Pods'
        ➜ Explicit dependency on target 'React-RCTNetwork' in project 'Pods'
        ➜ Explicit dependency on target 'React-RCTSettings' in project 'Pods'
        ➜ Explicit dependency on target 'React-RCTText' in project 'Pods'
        ➜ Explicit dependency on target 'React-RCTVibration' in project 'Pods'
    Target 'React-RCTVibration' in project 'Pods'
        ➜ Explicit dependency on target 'DoubleConversion' in project 'Pods'
        ➜ Explicit dependency on target 'RCT-Folly' in project 'Pods'
        ➜ Explicit dependency on target 'React-Core' in project 'Pods'
        ➜ Explicit dependency on target 'React-NativeModulesApple' in project 'Pods'
        ➜ Explicit dependency on target 'React-RCTFBReactNativeSpec' in project 'Pods'
        ➜ Explicit dependency on target 'React-jsi' in project 'Pods'
        ➜ Explicit dependency on target 'ReactCommon' in project 'Pods'
        ➜ Explicit dependency on target 'SocketRocket' in project 'Pods'
        ➜ Explicit dependency on target 'boost' in project 'Pods'
        ➜ Explicit dependency on target 'fast_float' in project 'Pods'
        ➜ Explicit dependency on target 'fmt' in project 'Pods'
        ➜ Explicit dependency on target 'glog' in project 'Pods'
    Target 'React-RCTSettings' in project 'Pods'
        ➜ Explicit dependency on target 'DoubleConversion' in project 'Pods'
        ➜ Explicit dependency on target 'RCT-Folly' in project 'Pods'
        ➜ Explicit dependency on target 'RCTTypeSafety' in project 'Pods'
        ➜ Explicit dependency on target 'React-Core' in project 'Pods'
        ➜ Explicit dependency on target 'React-NativeModulesApple' in project 'Pods'
        ➜ Explicit dependency on target 'React-RCTFBReactNativeSpec' in project 'Pods'
        ➜ Explicit dependency on target 'React-jsi' in project 'Pods'
        ➜ Explicit dependency on target 'ReactCommon' in project 'Pods'
        ➜ Explicit dependency on target 'SocketRocket' in project 'Pods'
        ➜ Explicit dependency on target 'boost' in project 'Pods'
        ➜ Explicit dependency on target 'fast_float' in project 'Pods'
        ➜ Explicit dependency on target 'fmt' in project 'Pods'
        ➜ Explicit dependency on target 'glog' in project 'Pods'
    Target 'React-RCTLinking' in project 'Pods'
        ➜ Explicit dependency on target 'React-Core' in project 'Pods'
        ➜ Explicit dependency on target 'React-NativeModulesApple' in project 'Pods'
        ➜ Explicit dependency on target 'React-RCTFBReactNativeSpec' in project 'Pods'
        ➜ Explicit dependency on target 'React-jsi' in project 'Pods'
        ➜ Explicit dependency on target 'ReactCommon' in project 'Pods'
    Target 'React-RCTActionSheet' in project 'Pods'
        ➜ Explicit dependency on target 'React-Core' in project 'Pods'
    Target 'RNScreens' in project 'Pods'
        ➜ Explicit dependency on target 'DoubleConversion' in project 'Pods'
        ➜ Explicit dependency on target 'RCT-Folly' in project 'Pods'
        ➜ Explicit dependency on target 'RCTRequired' in project 'Pods'
        ➜ Explicit dependency on target 'RCTTypeSafety' in project 'Pods'
        ➜ Explicit dependency on target 'React-Core' in project 'Pods'
        ➜ Explicit dependency on target 'React-Fabric' in project 'Pods'
        ➜ Explicit dependency on target 'React-ImageManager' in project 'Pods'
        ➜ Explicit dependency on target 'React-NativeModulesApple' in project 'Pods'
        ➜ Explicit dependency on target 'React-RCTFabric' in project 'Pods'
        ➜ Explicit dependency on target 'React-RCTImage' in project 'Pods'
        ➜ Explicit dependency on target 'React-debug' in project 'Pods'
        ➜ Explicit dependency on target 'React-featureflags' in project 'Pods'
        ➜ Explicit dependency on target 'React-graphics' in project 'Pods'
        ➜ Explicit dependency on target 'React-jsi' in project 'Pods'
        ➜ Explicit dependency on target 'React-renderercss' in project 'Pods'
        ➜ Explicit dependency on target 'React-rendererdebug' in project 'Pods'
        ➜ Explicit dependency on target 'React-utils' in project 'Pods'
        ➜ Explicit dependency on target 'ReactCodegen' in project 'Pods'
        ➜ Explicit dependency on target 'ReactCommon' in project 'Pods'
        ➜ Explicit dependency on target 'SocketRocket' in project 'Pods'
        ➜ Explicit dependency on target 'Yoga' in project 'Pods'
        ➜ Explicit dependency on target 'boost' in project 'Pods'
        ➜ Explicit dependency on target 'fast_float' in project 'Pods'
        ➜ Explicit dependency on target 'fmt' in project 'Pods'
        ➜ Explicit dependency on target 'glog' in project 'Pods'
        ➜ Explicit dependency on target 'hermes-engine' in project 'Pods'
    Target 'RNReanimated' in project 'Pods'
        ➜ Explicit dependency on target 'DoubleConversion' in project 'Pods'
        ➜ Explicit dependency on target 'RCT-Folly' in project 'Pods'
        ➜ Explicit dependency on target 'RCTRequired' in project 'Pods'
        ➜ Explicit dependency on target 'RCTTypeSafety' in project 'Pods'
        ➜ Explicit dependency on target 'RNWorklets' in project 'Pods'
        ➜ Explicit dependency on target 'React-Core' in project 'Pods'
        ➜ Explicit dependency on target 'React-Fabric' in project 'Pods'
        ➜ Explicit dependency on target 'React-ImageManager' in project 'Pods'
        ➜ Explicit dependency on target 'React-NativeModulesApple' in project 'Pods'
        ➜ Explicit dependency on target 'React-RCTFabric' in project 'Pods'
        ➜ Explicit dependency on target 'React-debug' in project 'Pods'
        ➜ Explicit dependency on target 'React-featureflags' in project 'Pods'
        ➜ Explicit dependency on target 'React-graphics' in project 'Pods'
        ➜ Explicit dependency on target 'React-hermes' in project 'Pods'
        ➜ Explicit dependency on target 'React-jsi' in project 'Pods'
        ➜ Explicit dependency on target 'React-renderercss' in project 'Pods'
        ➜ Explicit dependency on target 'React-rendererdebug' in project 'Pods'
        ➜ Explicit dependency on target 'React-utils' in project 'Pods'
        ➜ Explicit dependency on target 'ReactCodegen' in project 'Pods'
        ➜ Explicit dependency on target 'ReactCommon' in project 'Pods'
        ➜ Explicit dependency on target 'SocketRocket' in project 'Pods'
        ➜ Explicit dependency on target 'Yoga' in project 'Pods'
        ➜ Explicit dependency on target 'boost' in project 'Pods'
        ➜ Explicit dependency on target 'fast_float' in project 'Pods'
        ➜ Explicit dependency on target 'fmt' in project 'Pods'
        ➜ Explicit dependency on target 'glog' in project 'Pods'
        ➜ Explicit dependency on target 'hermes-engine' in project 'Pods'
    Target 'RNWorklets' in project 'Pods'
        ➜ Explicit dependency on target 'DoubleConversion' in project 'Pods'
        ➜ Explicit dependency on target 'RCT-Folly' in project 'Pods'
        ➜ Explicit dependency on target 'RCTRequired' in project 'Pods'
        ➜ Explicit dependency on target 'RCTTypeSafety' in project 'Pods'
        ➜ Explicit dependency on target 'React-Core' in project 'Pods'
        ➜ Explicit dependency on target 'React-Fabric' in project 'Pods'
        ➜ Explicit dependency on target 'React-ImageManager' in project 'Pods'
        ➜ Explicit dependency on target 'React-NativeModulesApple' in project 'Pods'
        ➜ Explicit dependency on target 'React-RCTFabric' in project 'Pods'
        ➜ Explicit dependency on target 'React-debug' in project 'Pods'
        ➜ Explicit dependency on target 'React-featureflags' in project 'Pods'
        ➜ Explicit dependency on target 'React-graphics' in project 'Pods'
        ➜ Explicit dependency on target 'React-hermes' in project 'Pods'
        ➜ Explicit dependency on target 'React-jsi' in project 'Pods'
        ➜ Explicit dependency on target 'React-renderercss' in project 'Pods'
        ➜ Explicit dependency on target 'React-rendererdebug' in project 'Pods'
        ➜ Explicit dependency on target 'React-utils' in project 'Pods'
        ➜ Explicit dependency on target 'ReactCodegen' in project 'Pods'
        ➜ Explicit dependency on target 'ReactCommon' in project 'Pods'
        ➜ Explicit dependency on target 'SocketRocket' in project 'Pods'
        ➜ Explicit dependency on target 'Yoga' in project 'Pods'
        ➜ Explicit dependency on target 'boost' in project 'Pods'
        ➜ Explicit dependency on target 'fast_float' in project 'Pods'
        ➜ Explicit dependency on target 'fmt' in project 'Pods'
        ➜ Explicit dependency on target 'glog' in project 'Pods'
        ➜ Explicit dependency on target 'hermes-engine' in project 'Pods'
    Target 'RNGestureHandler' in project 'Pods'
        ➜ Explicit dependency on target 'DoubleConversion' in project 'Pods'
        ➜ Explicit dependency on target 'RCT-Folly' in project 'Pods'
        ➜ Explicit dependency on target 'RCTRequired' in project 'Pods'
        ➜ Explicit dependency on target 'RCTTypeSafety' in project 'Pods'
        ➜ Explicit dependency on target 'React-Core' in project 'Pods'
        ➜ Explicit dependency on target 'React-Fabric' in project 'Pods'
        ➜ Explicit dependency on target 'React-ImageManager' in project 'Pods'
        ➜ Explicit dependency on target 'React-NativeModulesApple' in project 'Pods'
        ➜ Explicit dependency on target 'React-RCTFabric' in project 'Pods'
        ➜ Explicit dependency on target 'React-debug' in project 'Pods'
        ➜ Explicit dependency on target 'React-featureflags' in project 'Pods'
        ➜ Explicit dependency on target 'React-graphics' in project 'Pods'
        ➜ Explicit dependency on target 'React-jsi' in project 'Pods'
        ➜ Explicit dependency on target 'React-renderercss' in project 'Pods'
        ➜ Explicit dependency on target 'React-rendererdebug' in project 'Pods'
        ➜ Explicit dependency on target 'React-utils' in project 'Pods'
        ➜ Explicit dependency on target 'ReactCodegen' in project 'Pods'
        ➜ Explicit dependency on target 'ReactCommon' in project 'Pods'
        ➜ Explicit dependency on target 'SocketRocket' in project 'Pods'
        ➜ Explicit dependency on target 'Yoga' in project 'Pods'
        ➜ Explicit dependency on target 'boost' in project 'Pods'
        ➜ Explicit dependency on target 'fast_float' in project 'Pods'
        ➜ Explicit dependency on target 'fmt' in project 'Pods'
        ➜ Explicit dependency on target 'glog' in project 'Pods'
        ➜ Explicit dependency on target 'hermes-engine' in project 'Pods'
    Target 'MapxusHsitp' in project 'Pods'
        ➜ Explicit dependency on target 'DoubleConversion' in project 'Pods'
        ➜ Explicit dependency on target 'RCT-Folly' in project 'Pods'
        ➜ Explicit dependency on target 'RCTRequired' in project 'Pods'
        ➜ Explicit dependency on target 'RCTTypeSafety' in project 'Pods'
        ➜ Explicit dependency on target 'React-Core' in project 'Pods'
        ➜ Explicit dependency on target 'React-Fabric' in project 'Pods'
        ➜ Explicit dependency on target 'React-ImageManager' in project 'Pods'
        ➜ Explicit dependency on target 'React-NativeModulesApple' in project 'Pods'
        ➜ Explicit dependency on target 'React-RCTFabric' in project 'Pods'
        ➜ Explicit dependency on target 'React-debug' in project 'Pods'
        ➜ Explicit dependency on target 'React-featureflags' in project 'Pods'
        ➜ Explicit dependency on target 'React-graphics' in project 'Pods'
        ➜ Explicit dependency on target 'React-jsi' in project 'Pods'
        ➜ Explicit dependency on target 'React-renderercss' in project 'Pods'
        ➜ Explicit dependency on target 'React-rendererdebug' in project 'Pods'
        ➜ Explicit dependency on target 'React-utils' in project 'Pods'
        ➜ Explicit dependency on target 'ReactCodegen' in project 'Pods'
        ➜ Explicit dependency on target 'ReactCommon' in project 'Pods'
        ➜ Explicit dependency on target 'SocketRocket' in project 'Pods'
        ➜ Explicit dependency on target 'Yoga' in project 'Pods'
        ➜ Explicit dependency on target 'boost' in project 'Pods'
        ➜ Explicit dependency on target 'fast_float' in project 'Pods'
        ➜ Explicit dependency on target 'fmt' in project 'Pods'
        ➜ Explicit dependency on target 'glog' in project 'Pods'
        ➜ Explicit dependency on target 'hermes-engine' in project 'Pods'
    Target 'ReactCodegen' in project 'Pods'
        ➜ Explicit dependency on target 'DoubleConversion' in project 'Pods'
        ➜ Explicit dependency on target 'RCT-Folly' in project 'Pods'
        ➜ Explicit dependency on target 'RCTRequired' in project 'Pods'
        ➜ Explicit dependency on target 'RCTTypeSafety' in project 'Pods'
        ➜ Explicit dependency on target 'React-Core' in project 'Pods'
        ➜ Explicit dependency on target 'React-Fabric' in project 'Pods'
        ➜ Explicit dependency on target 'React-FabricImage' in project 'Pods'
        ➜ Explicit dependency on target 'React-NativeModulesApple' in project 'Pods'
        ➜ Explicit dependency on target 'React-RCTAppDelegate' in project 'Pods'
        ➜ Explicit dependency on target 'React-debug' in project 'Pods'
        ➜ Explicit dependency on target 'React-featureflags' in project 'Pods'
        ➜ Explicit dependency on target 'React-graphics' in project 'Pods'
        ➜ Explicit dependency on target 'React-jsi' in project 'Pods'
        ➜ Explicit dependency on target 'React-jsiexecutor' in project 'Pods'
        ➜ Explicit dependency on target 'React-rendererdebug' in project 'Pods'
        ➜ Explicit dependency on target 'React-utils' in project 'Pods'
        ➜ Explicit dependency on target 'ReactCommon' in project 'Pods'
        ➜ Explicit dependency on target 'SocketRocket' in project 'Pods'
        ➜ Explicit dependency on target 'boost' in project 'Pods'
        ➜ Explicit dependency on target 'fast_float' in project 'Pods'
        ➜ Explicit dependency on target 'fmt' in project 'Pods'
        ➜ Explicit dependency on target 'glog' in project 'Pods'
        ➜ Explicit dependency on target 'hermes-engine' in project 'Pods'
    Target 'React-RCTAppDelegate' in project 'Pods'
        ➜ Explicit dependency on target 'DoubleConversion' in project 'Pods'
        ➜ Explicit dependency on target 'RCT-Folly' in project 'Pods'
        ➜ Explicit dependency on target 'RCTRequired' in project 'Pods'
        ➜ Explicit dependency on target 'RCTTypeSafety' in project 'Pods'
        ➜ Explicit dependency on target 'React-Core' in project 'Pods'
        ➜ Explicit dependency on target 'React-CoreModules' in project 'Pods'
        ➜ Explicit dependency on target 'React-Fabric' in project 'Pods'
        ➜ Explicit dependency on target 'React-NativeModulesApple' in project 'Pods'
        ➜ Explicit dependency on target 'React-RCTFBReactNativeSpec' in project 'Pods'
        ➜ Explicit dependency on target 'React-RCTFabric' in project 'Pods'
        ➜ Explicit dependency on target 'React-RCTImage' in project 'Pods'
        ➜ Explicit dependency on target 'React-RCTNetwork' in project 'Pods'
        ➜ Explicit dependency on target 'React-RCTRuntime' in project 'Pods'
        ➜ Explicit dependency on target 'React-RuntimeApple' in project 'Pods'
        ➜ Explicit dependency on target 'React-RuntimeCore' in project 'Pods'
        ➜ Explicit dependency on target 'React-debug' in project 'Pods'
        ➜ Explicit dependency on target 'React-defaultsnativemodule' in project 'Pods'
        ➜ Explicit dependency on target 'React-featureflags' in project 'Pods'
        ➜ Explicit dependency on target 'React-graphics' in project 'Pods'
        ➜ Explicit dependency on target 'React-hermes' in project 'Pods'
        ➜ Explicit dependency on target 'React-jsitooling' in project 'Pods'
        ➜ Explicit dependency on target 'React-rendererdebug' in project 'Pods'
        ➜ Explicit dependency on target 'React-runtimeexecutor' in project 'Pods'
        ➜ Explicit dependency on target 'React-runtimescheduler' in project 'Pods'
        ➜ Explicit dependency on target 'React-utils' in project 'Pods'
        ➜ Explicit dependency on target 'ReactCommon' in project 'Pods'
        ➜ Explicit dependency on target 'SocketRocket' in project 'Pods'
        ➜ Explicit dependency on target 'boost' in project 'Pods'
        ➜ Explicit dependency on target 'fast_float' in project 'Pods'
        ➜ Explicit dependency on target 'fmt' in project 'Pods'
        ➜ Explicit dependency on target 'glog' in project 'Pods'
        ➜ Explicit dependency on target 'hermes-engine' in project 'Pods'
    Target 'React-defaultsnativemodule' in project 'Pods'
        ➜ Explicit dependency on target 'DoubleConversion' in project 'Pods'
        ➜ Explicit dependency on target 'RCT-Folly' in project 'Pods'
        ➜ Explicit dependency on target 'React-RCTFBReactNativeSpec' in project 'Pods'
        ➜ Explicit dependency on target 'React-domnativemodule' in project 'Pods'
        ➜ Explicit dependency on target 'React-featureflagsnativemodule' in project 'Pods'
        ➜ Explicit dependency on target 'React-idlecallbacksnativemodule' in project 'Pods'
        ➜ Explicit dependency on target 'React-jsi' in project 'Pods'
        ➜ Explicit dependency on target 'React-jsiexecutor' in project 'Pods'
        ➜ Explicit dependency on target 'React-microtasksnativemodule' in project 'Pods'
        ➜ Explicit dependency on target 'SocketRocket' in project 'Pods'
        ➜ Explicit dependency on target 'boost' in project 'Pods'
        ➜ Explicit dependency on target 'fast_float' in project 'Pods'
        ➜ Explicit dependency on target 'fmt' in project 'Pods'
        ➜ Explicit dependency on target 'glog' in project 'Pods'
        ➜ Explicit dependency on target 'hermes-engine' in project 'Pods'
    Target 'React-microtasksnativemodule' in project 'Pods'
        ➜ Explicit dependency on target 'DoubleConversion' in project 'Pods'
        ➜ Explicit dependency on target 'RCT-Folly' in project 'Pods'
        ➜ Explicit dependency on target 'React-RCTFBReactNativeSpec' in project 'Pods'
        ➜ Explicit dependency on target 'React-jsi' in project 'Pods'
        ➜ Explicit dependency on target 'React-jsiexecutor' in project 'Pods'
        ➜ Explicit dependency on target 'ReactCommon' in project 'Pods'
        ➜ Explicit dependency on target 'SocketRocket' in project 'Pods'
        ➜ Explicit dependency on target 'boost' in project 'Pods'
        ➜ Explicit dependency on target 'fast_float' in project 'Pods'
        ➜ Explicit dependency on target 'fmt' in project 'Pods'
        ➜ Explicit dependency on target 'glog' in project 'Pods'
        ➜ Explicit dependency on target 'hermes-engine' in project 'Pods'
    Target 'React-idlecallbacksnativemodule' in project 'Pods'
        ➜ Explicit dependency on target 'DoubleConversion' in project 'Pods'
        ➜ Explicit dependency on target 'RCT-Folly' in project 'Pods'
        ➜ Explicit dependency on target 'React-RCTFBReactNativeSpec' in project 'Pods'
        ➜ Explicit dependency on target 'React-jsi' in project 'Pods'
        ➜ Explicit dependency on target 'React-jsiexecutor' in project 'Pods'
        ➜ Explicit dependency on target 'React-runtimeexecutor' in project 'Pods'
        ➜ Explicit dependency on target 'React-runtimescheduler' in project 'Pods'
        ➜ Explicit dependency on target 'ReactCommon' in project 'Pods'
        ➜ Explicit dependency on target 'SocketRocket' in project 'Pods'
        ➜ Explicit dependency on target 'boost' in project 'Pods'
        ➜ Explicit dependency on target 'fast_float' in project 'Pods'
        ➜ Explicit dependency on target 'fmt' in project 'Pods'
        ➜ Explicit dependency on target 'glog' in project 'Pods'
        ➜ Explicit dependency on target 'hermes-engine' in project 'Pods'
    Target 'React-featureflagsnativemodule' in project 'Pods'
        ➜ Explicit dependency on target 'DoubleConversion' in project 'Pods'
        ➜ Explicit dependency on target 'RCT-Folly' in project 'Pods'
        ➜ Explicit dependency on target 'React-RCTFBReactNativeSpec' in project 'Pods'
        ➜ Explicit dependency on target 'React-featureflags' in project 'Pods'
        ➜ Explicit dependency on target 'React-jsi' in project 'Pods'
        ➜ Explicit dependency on target 'React-jsiexecutor' in project 'Pods'
        ➜ Explicit dependency on target 'ReactCommon' in project 'Pods'
        ➜ Explicit dependency on target 'SocketRocket' in project 'Pods'
        ➜ Explicit dependency on target 'boost' in project 'Pods'
        ➜ Explicit dependency on target 'fast_float' in project 'Pods'
        ➜ Explicit dependency on target 'fmt' in project 'Pods'
        ➜ Explicit dependency on target 'glog' in project 'Pods'
        ➜ Explicit dependency on target 'hermes-engine' in project 'Pods'
    Target 'React-domnativemodule' in project 'Pods'
        ➜ Explicit dependency on target 'DoubleConversion' in project 'Pods'
        ➜ Explicit dependency on target 'RCT-Folly' in project 'Pods'
        ➜ Explicit dependency on target 'React-Fabric' in project 'Pods'
        ➜ Explicit dependency on target 'React-FabricComponents' in project 'Pods'
        ➜ Explicit dependency on target 'React-RCTFBReactNativeSpec' in project 'Pods'
        ➜ Explicit dependency on target 'React-graphics' in project 'Pods'
        ➜ Explicit dependency on target 'React-jsi' in project 'Pods'
        ➜ Explicit dependency on target 'React-jsiexecutor' in project 'Pods'
        ➜ Explicit dependency on target 'React-runtimeexecutor' in project 'Pods'
        ➜ Explicit dependency on target 'ReactCommon' in project 'Pods'
        ➜ Explicit dependency on target 'SocketRocket' in project 'Pods'
        ➜ Explicit dependency on target 'Yoga' in project 'Pods'
        ➜ Explicit dependency on target 'boost' in project 'Pods'
        ➜ Explicit dependency on target 'fast_float' in project 'Pods'
        ➜ Explicit dependency on target 'fmt' in project 'Pods'
        ➜ Explicit dependency on target 'glog' in project 'Pods'
        ➜ Explicit dependency on target 'hermes-engine' in project 'Pods'
    Target 'React-RCTRuntime' in project 'Pods'
        ➜ Explicit dependency on target 'DoubleConversion' in project 'Pods'
        ➜ Explicit dependency on target 'RCT-Folly' in project 'Pods'
        ➜ Explicit dependency on target 'React-Core' in project 'Pods'
        ➜ Explicit dependency on target 'React-RuntimeApple' in project 'Pods'
        ➜ Explicit dependency on target 'React-RuntimeCore' in project 'Pods'
        ➜ Explicit dependency on target 'React-RuntimeHermes' in project 'Pods'
        ➜ Explicit dependency on target 'React-jsi' in project 'Pods'
        ➜ Explicit dependency on target 'React-jsinspector' in project 'Pods'
        ➜ Explicit dependency on target 'React-jsinspectorcdp' in project 'Pods'
        ➜ Explicit dependency on target 'React-jsinspectortracing' in project 'Pods'
        ➜ Explicit dependency on target 'React-jsitooling' in project 'Pods'
        ➜ Explicit dependency on target 'React-runtimeexecutor' in project 'Pods'
        ➜ Explicit dependency on target 'SocketRocket' in project 'Pods'
        ➜ Explicit dependency on target 'boost' in project 'Pods'
        ➜ Explicit dependency on target 'fast_float' in project 'Pods'
        ➜ Explicit dependency on target 'fmt' in project 'Pods'
        ➜ Explicit dependency on target 'glog' in project 'Pods'
        ➜ Explicit dependency on target 'hermes-engine' in project 'Pods'
    Target 'React-RuntimeApple' in project 'Pods'
        ➜ Explicit dependency on target 'DoubleConversion' in project 'Pods'
        ➜ Explicit dependency on target 'RCT-Folly' in project 'Pods'
        ➜ Explicit dependency on target 'React-Core' in project 'Pods'
        ➜ Explicit dependency on target 'React-CoreModules' in project 'Pods'
        ➜ Explicit dependency on target 'React-Mapbuffer' in project 'Pods'
        ➜ Explicit dependency on target 'React-NativeModulesApple' in project 'Pods'
        ➜ Explicit dependency on target 'React-RCTFBReactNativeSpec' in project 'Pods'
        ➜ Explicit dependency on target 'React-RCTFabric' in project 'Pods'
        ➜ Explicit dependency on target 'React-RuntimeCore' in project 'Pods'
        ➜ Explicit dependency on target 'React-RuntimeHermes' in project 'Pods'
        ➜ Explicit dependency on target 'React-callinvoker' in project 'Pods'
        ➜ Explicit dependency on target 'React-cxxreact' in project 'Pods'
        ➜ Explicit dependency on target 'React-featureflags' in project 'Pods'
        ➜ Explicit dependency on target 'React-jserrorhandler' in project 'Pods'
        ➜ Explicit dependency on target 'React-jsi' in project 'Pods'
        ➜ Explicit dependency on target 'React-jsiexecutor' in project 'Pods'
        ➜ Explicit dependency on target 'React-jsinspector' in project 'Pods'
        ➜ Explicit dependency on target 'React-jsitooling' in project 'Pods'
        ➜ Explicit dependency on target 'React-runtimeexecutor' in project 'Pods'
        ➜ Explicit dependency on target 'React-runtimescheduler' in project 'Pods'
        ➜ Explicit dependency on target 'React-utils' in project 'Pods'
        ➜ Explicit dependency on target 'SocketRocket' in project 'Pods'
        ➜ Explicit dependency on target 'boost' in project 'Pods'
        ➜ Explicit dependency on target 'fast_float' in project 'Pods'
        ➜ Explicit dependency on target 'fmt' in project 'Pods'
        ➜ Explicit dependency on target 'glog' in project 'Pods'
        ➜ Explicit dependency on target 'hermes-engine' in project 'Pods'
    Target 'React-RuntimeHermes' in project 'Pods'
        ➜ Explicit dependency on target 'DoubleConversion' in project 'Pods'
        ➜ Explicit dependency on target 'RCT-Folly' in project 'Pods'
        ➜ Explicit dependency on target 'React-RuntimeCore' in project 'Pods'
        ➜ Explicit dependency on target 'React-featureflags' in project 'Pods'
        ➜ Explicit dependency on target 'React-hermes' in project 'Pods'
        ➜ Explicit dependency on target 'React-jsi' in project 'Pods'
        ➜ Explicit dependency on target 'React-jsinspector' in project 'Pods'
        ➜ Explicit dependency on target 'React-jsinspectorcdp' in project 'Pods'
        ➜ Explicit dependency on target 'React-jsinspectortracing' in project 'Pods'
        ➜ Explicit dependency on target 'React-jsitooling' in project 'Pods'
        ➜ Explicit dependency on target 'React-jsitracing' in project 'Pods'
        ➜ Explicit dependency on target 'React-runtimeexecutor' in project 'Pods'
        ➜ Explicit dependency on target 'React-utils' in project 'Pods'
        ➜ Explicit dependency on target 'SocketRocket' in project 'Pods'
        ➜ Explicit dependency on target 'boost' in project 'Pods'
        ➜ Explicit dependency on target 'fast_float' in project 'Pods'
        ➜ Explicit dependency on target 'fmt' in project 'Pods'
        ➜ Explicit dependency on target 'glog' in project 'Pods'
        ➜ Explicit dependency on target 'hermes-engine' in project 'Pods'
    Target 'React-jsitracing' in project 'Pods'
        ➜ Explicit dependency on target 'React-jsi' in project 'Pods'
    Target 'React-RuntimeCore' in project 'Pods'
        ➜ Explicit dependency on target 'DoubleConversion' in project 'Pods'
        ➜ Explicit dependency on target 'RCT-Folly' in project 'Pods'
        ➜ Explicit dependency on target 'React-Fabric' in project 'Pods'
        ➜ Explicit dependency on target 'React-cxxreact' in project 'Pods'
        ➜ Explicit dependency on target 'React-featureflags' in project 'Pods'
        ➜ Explicit dependency on target 'React-jserrorhandler' in project 'Pods'
        ➜ Explicit dependency on target 'React-jsi' in project 'Pods'
        ➜ Explicit dependency on target 'React-jsiexecutor' in project 'Pods'
        ➜ Explicit dependency on target 'React-jsinspector' in project 'Pods'
        ➜ Explicit dependency on target 'React-jsitooling' in project 'Pods'
        ➜ Explicit dependency on target 'React-performancetimeline' in project 'Pods'
        ➜ Explicit dependency on target 'React-runtimeexecutor' in project 'Pods'
        ➜ Explicit dependency on target 'React-runtimescheduler' in project 'Pods'
        ➜ Explicit dependency on target 'React-utils' in project 'Pods'
        ➜ Explicit dependency on target 'SocketRocket' in project 'Pods'
        ➜ Explicit dependency on target 'boost' in project 'Pods'
        ➜ Explicit dependency on target 'fast_float' in project 'Pods'
        ➜ Explicit dependency on target 'fmt' in project 'Pods'
        ➜ Explicit dependency on target 'glog' in project 'Pods'
        ➜ Explicit dependency on target 'hermes-engine' in project 'Pods'
    Target 'React-jserrorhandler' in project 'Pods'
        ➜ Explicit dependency on target 'DoubleConversion' in project 'Pods'
        ➜ Explicit dependency on target 'RCT-Folly' in project 'Pods'
        ➜ Explicit dependency on target 'React-cxxreact' in project 'Pods'
        ➜ Explicit dependency on target 'React-debug' in project 'Pods'
        ➜ Explicit dependency on target 'React-featureflags' in project 'Pods'
        ➜ Explicit dependency on target 'React-jsi' in project 'Pods'
        ➜ Explicit dependency on target 'ReactCommon' in project 'Pods'
        ➜ Explicit dependency on target 'SocketRocket' in project 'Pods'
        ➜ Explicit dependency on target 'boost' in project 'Pods'
        ➜ Explicit dependency on target 'fast_float' in project 'Pods'
        ➜ Explicit dependency on target 'fmt' in project 'Pods'
        ➜ Explicit dependency on target 'glog' in project 'Pods'
        ➜ Explicit dependency on target 'hermes-engine' in project 'Pods'
    Target 'React-Mapbuffer' in project 'Pods'
        ➜ Explicit dependency on target 'DoubleConversion' in project 'Pods'
        ➜ Explicit dependency on target 'RCT-Folly' in project 'Pods'
        ➜ Explicit dependency on target 'React-debug' in project 'Pods'
        ➜ Explicit dependency on target 'SocketRocket' in project 'Pods'
        ➜ Explicit dependency on target 'boost' in project 'Pods'
        ➜ Explicit dependency on target 'fast_float' in project 'Pods'
        ➜ Explicit dependency on target 'fmt' in project 'Pods'
        ➜ Explicit dependency on target 'glog' in project 'Pods'
    Target 'React-CoreModules' in project 'Pods'
        ➜ Explicit dependency on target 'DoubleConversion' in project 'Pods'
        ➜ Explicit dependency on target 'RCT-Folly' in project 'Pods'
        ➜ Explicit dependency on target 'RCTTypeSafety' in project 'Pods'
        ➜ Explicit dependency on target 'React-Core' in project 'Pods'
        ➜ Explicit dependency on target 'React-NativeModulesApple' in project 'Pods'
        ➜ Explicit dependency on target 'React-RCTBlob' in project 'Pods'
        ➜ Explicit dependency on target 'React-RCTFBReactNativeSpec' in project 'Pods'
        ➜ Explicit dependency on target 'React-RCTImage' in project 'Pods'
        ➜ Explicit dependency on target 'React-jsi' in project 'Pods'
        ➜ Explicit dependency on target 'React-jsinspector' in project 'Pods'
        ➜ Explicit dependency on target 'React-jsinspectorcdp' in project 'Pods'
        ➜ Explicit dependency on target 'React-jsinspectortracing' in project 'Pods'
        ➜ Explicit dependency on target 'React-runtimeexecutor' in project 'Pods'
        ➜ Explicit dependency on target 'ReactCommon' in project 'Pods'
        ➜ Explicit dependency on target 'SocketRocket' in project 'Pods'
        ➜ Explicit dependency on target 'boost' in project 'Pods'
        ➜ Explicit dependency on target 'fast_float' in project 'Pods'
        ➜ Explicit dependency on target 'fmt' in project 'Pods'
        ➜ Explicit dependency on target 'glog' in project 'Pods'
    Target 'React-RCTBlob' in project 'Pods'
        ➜ Explicit dependency on target 'DoubleConversion' in project 'Pods'
        ➜ Explicit dependency on target 'RCT-Folly' in project 'Pods'
        ➜ Explicit dependency on target 'React-Core' in project 'Pods'
        ➜ Explicit dependency on target 'React-NativeModulesApple' in project 'Pods'
        ➜ Explicit dependency on target 'React-RCTFBReactNativeSpec' in project 'Pods'
        ➜ Explicit dependency on target 'React-RCTNetwork' in project 'Pods'
        ➜ Explicit dependency on target 'React-jsi' in project 'Pods'
        ➜ Explicit dependency on target 'React-jsinspector' in project 'Pods'
        ➜ Explicit dependency on target 'React-jsinspectorcdp' in project 'Pods'
        ➜ Explicit dependency on target 'ReactCommon' in project 'Pods'
        ➜ Explicit dependency on target 'SocketRocket' in project 'Pods'
        ➜ Explicit dependency on target 'boost' in project 'Pods'
        ➜ Explicit dependency on target 'fast_float' in project 'Pods'
        ➜ Explicit dependency on target 'fmt' in project 'Pods'
        ➜ Explicit dependency on target 'glog' in project 'Pods'
        ➜ Explicit dependency on target 'hermes-engine' in project 'Pods'
    Target 'React-RCTFabric' in project 'Pods'
        ➜ Explicit dependency on target 'DoubleConversion' in project 'Pods'
        ➜ Explicit dependency on target 'RCT-Folly' in project 'Pods'
        ➜ Explicit dependency on target 'React-Core' in project 'Pods'
        ➜ Explicit dependency on target 'React-Fabric' in project 'Pods'
        ➜ Explicit dependency on target 'React-FabricComponents' in project 'Pods'
        ➜ Explicit dependency on target 'React-FabricImage' in project 'Pods'
        ➜ Explicit dependency on target 'React-ImageManager' in project 'Pods'
        ➜ Explicit dependency on target 'React-RCTAnimation' in project 'Pods'
        ➜ Explicit dependency on target 'React-RCTFBReactNativeSpec' in project 'Pods'
        ➜ Explicit dependency on target 'React-RCTImage' in project 'Pods'
        ➜ Explicit dependency on target 'React-RCTText' in project 'Pods'
        ➜ Explicit dependency on target 'React-debug' in project 'Pods'
        ➜ Explicit dependency on target 'React-featureflags' in project 'Pods'
        ➜ Explicit dependency on target 'React-graphics' in project 'Pods'
        ➜ Explicit dependency on target 'React-jsi' in project 'Pods'
        ➜ Explicit dependency on target 'React-jsinspector' in project 'Pods'
        ➜ Explicit dependency on target 'React-jsinspectorcdp' in project 'Pods'
        ➜ Explicit dependency on target 'React-jsinspectornetwork' in project 'Pods'
        ➜ Explicit dependency on target 'React-jsinspectortracing' in project 'Pods'
        ➜ Explicit dependency on target 'React-performancetimeline' in project 'Pods'
        ➜ Explicit dependency on target 'React-rendererconsistency' in project 'Pods'
        ➜ Explicit dependency on target 'React-renderercss' in project 'Pods'
        ➜ Explicit dependency on target 'React-rendererdebug' in project 'Pods'
        ➜ Explicit dependency on target 'React-runtimeexecutor' in project 'Pods'
        ➜ Explicit dependency on target 'React-runtimescheduler' in project 'Pods'
        ➜ Explicit dependency on target 'React-utils' in project 'Pods'
        ➜ Explicit dependency on target 'SocketRocket' in project 'Pods'
        ➜ Explicit dependency on target 'Yoga' in project 'Pods'
        ➜ Explicit dependency on target 'boost' in project 'Pods'
        ➜ Explicit dependency on target 'fast_float' in project 'Pods'
        ➜ Explicit dependency on target 'fmt' in project 'Pods'
        ➜ Explicit dependency on target 'glog' in project 'Pods'
        ➜ Explicit dependency on target 'hermes-engine' in project 'Pods'
    Target 'React-RCTText' in project 'Pods'
        ➜ Explicit dependency on target 'React-Core' in project 'Pods'
        ➜ Explicit dependency on target 'Yoga' in project 'Pods'
    Target 'React-RCTImage' in project 'Pods'
        ➜ Explicit dependency on target 'DoubleConversion' in project 'Pods'
        ➜ Explicit dependency on target 'RCT-Folly' in project 'Pods'
        ➜ Explicit dependency on target 'RCTTypeSafety' in project 'Pods'
        ➜ Explicit dependency on target 'React-Core' in project 'Pods'
        ➜ Explicit dependency on target 'React-NativeModulesApple' in project 'Pods'
        ➜ Explicit dependency on target 'React-RCTFBReactNativeSpec' in project 'Pods'
        ➜ Explicit dependency on target 'React-RCTNetwork' in project 'Pods'
        ➜ Explicit dependency on target 'React-jsi' in project 'Pods'
        ➜ Explicit dependency on target 'ReactCommon' in project 'Pods'
        ➜ Explicit dependency on target 'SocketRocket' in project 'Pods'
        ➜ Explicit dependency on target 'boost' in project 'Pods'
        ➜ Explicit dependency on target 'fast_float' in project 'Pods'
        ➜ Explicit dependency on target 'fmt' in project 'Pods'
        ➜ Explicit dependency on target 'glog' in project 'Pods'
    Target 'React-RCTNetwork' in project 'Pods'
        ➜ Explicit dependency on target 'DoubleConversion' in project 'Pods'
        ➜ Explicit dependency on target 'RCT-Folly' in project 'Pods'
        ➜ Explicit dependency on target 'RCTTypeSafety' in project 'Pods'
        ➜ Explicit dependency on target 'React-Core' in project 'Pods'
        ➜ Explicit dependency on target 'React-NativeModulesApple' in project 'Pods'
        ➜ Explicit dependency on target 'React-RCTFBReactNativeSpec' in project 'Pods'
        ➜ Explicit dependency on target 'React-featureflags' in project 'Pods'
        ➜ Explicit dependency on target 'React-jsi' in project 'Pods'
        ➜ Explicit dependency on target 'React-jsinspectorcdp' in project 'Pods'
        ➜ Explicit dependency on target 'React-jsinspectornetwork' in project 'Pods'
        ➜ Explicit dependency on target 'ReactCommon' in project 'Pods'
        ➜ Explicit dependency on target 'SocketRocket' in project 'Pods'
        ➜ Explicit dependency on target 'boost' in project 'Pods'
        ➜ Explicit dependency on target 'fast_float' in project 'Pods'
        ➜ Explicit dependency on target 'fmt' in project 'Pods'
        ➜ Explicit dependency on target 'glog' in project 'Pods'
    Target 'React-RCTAnimation' in project 'Pods'
        ➜ Explicit dependency on target 'DoubleConversion' in project 'Pods'
        ➜ Explicit dependency on target 'RCT-Folly' in project 'Pods'
        ➜ Explicit dependency on target 'RCTTypeSafety' in project 'Pods'
        ➜ Explicit dependency on target 'React-Core' in project 'Pods'
        ➜ Explicit dependency on target 'React-NativeModulesApple' in project 'Pods'
        ➜ Explicit dependency on target 'React-RCTFBReactNativeSpec' in project 'Pods'
        ➜ Explicit dependency on target 'React-featureflags' in project 'Pods'
        ➜ Explicit dependency on target 'React-jsi' in project 'Pods'
        ➜ Explicit dependency on target 'ReactCommon' in project 'Pods'
        ➜ Explicit dependency on target 'SocketRocket' in project 'Pods'
        ➜ Explicit dependency on target 'boost' in project 'Pods'
        ➜ Explicit dependency on target 'fast_float' in project 'Pods'
        ➜ Explicit dependency on target 'fmt' in project 'Pods'
        ➜ Explicit dependency on target 'glog' in project 'Pods'
    Target 'React-FabricImage' in project 'Pods'
        ➜ Explicit dependency on target 'DoubleConversion' in project 'Pods'
        ➜ Explicit dependency on target 'RCT-Folly' in project 'Pods'
        ➜ Explicit dependency on target 'RCTRequired' in project 'Pods'
        ➜ Explicit dependency on target 'RCTTypeSafety' in project 'Pods'
        ➜ Explicit dependency on target 'React-Fabric' in project 'Pods'
        ➜ Explicit dependency on target 'React-ImageManager' in project 'Pods'
        ➜ Explicit dependency on target 'React-featureflags' in project 'Pods'
        ➜ Explicit dependency on target 'React-graphics' in project 'Pods'
        ➜ Explicit dependency on target 'React-jsi' in project 'Pods'
        ➜ Explicit dependency on target 'React-jsiexecutor' in project 'Pods'
        ➜ Explicit dependency on target 'React-logger' in project 'Pods'
        ➜ Explicit dependency on target 'React-rendererdebug' in project 'Pods'
        ➜ Explicit dependency on target 'React-utils' in project 'Pods'
        ➜ Explicit dependency on target 'ReactCommon' in project 'Pods'
        ➜ Explicit dependency on target 'SocketRocket' in project 'Pods'
        ➜ Explicit dependency on target 'Yoga' in project 'Pods'
        ➜ Explicit dependency on target 'boost' in project 'Pods'
        ➜ Explicit dependency on target 'fast_float' in project 'Pods'
        ➜ Explicit dependency on target 'fmt' in project 'Pods'
        ➜ Explicit dependency on target 'glog' in project 'Pods'
        ➜ Explicit dependency on target 'hermes-engine' in project 'Pods'
    Target 'React-FabricComponents' in project 'Pods'
        ➜ Explicit dependency on target 'DoubleConversion' in project 'Pods'
        ➜ Explicit dependency on target 'RCT-Folly' in project 'Pods'
        ➜ Explicit dependency on target 'RCTRequired' in project 'Pods'
        ➜ Explicit dependency on target 'RCTTypeSafety' in project 'Pods'
        ➜ Explicit dependency on target 'React-Core' in project 'Pods'
        ➜ Explicit dependency on target 'React-Fabric' in project 'Pods'
        ➜ Explicit dependency on target 'React-RCTFBReactNativeSpec' in project 'Pods'
        ➜ Explicit dependency on target 'React-cxxreact' in project 'Pods'
        ➜ Explicit dependency on target 'React-debug' in project 'Pods'
        ➜ Explicit dependency on target 'React-featureflags' in project 'Pods'
        ➜ Explicit dependency on target 'React-graphics' in project 'Pods'
        ➜ Explicit dependency on target 'React-jsi' in project 'Pods'
        ➜ Explicit dependency on target 'React-jsiexecutor' in project 'Pods'
        ➜ Explicit dependency on target 'React-logger' in project 'Pods'
        ➜ Explicit dependency on target 'React-rendererdebug' in project 'Pods'
        ➜ Explicit dependency on target 'React-runtimescheduler' in project 'Pods'
        ➜ Explicit dependency on target 'React-utils' in project 'Pods'
        ➜ Explicit dependency on target 'ReactCommon' in project 'Pods'
        ➜ Explicit dependency on target 'SocketRocket' in project 'Pods'
        ➜ Explicit dependency on target 'Yoga' in project 'Pods'
        ➜ Explicit dependency on target 'boost' in project 'Pods'
        ➜ Explicit dependency on target 'fast_float' in project 'Pods'
        ➜ Explicit dependency on target 'fmt' in project 'Pods'
        ➜ Explicit dependency on target 'glog' in project 'Pods'
        ➜ Explicit dependency on target 'hermes-engine' in project 'Pods'
    Target 'React-RCTFBReactNativeSpec' in project 'Pods'
        ➜ Explicit dependency on target 'DoubleConversion' in project 'Pods'
        ➜ Explicit dependency on target 'RCT-Folly' in project 'Pods'
        ➜ Explicit dependency on target 'RCTRequired' in project 'Pods'
        ➜ Explicit dependency on target 'RCTTypeSafety' in project 'Pods'
        ➜ Explicit dependency on target 'React-Core' in project 'Pods'
        ➜ Explicit dependency on target 'React-Fabric' in project 'Pods'
        ➜ Explicit dependency on target 'React-NativeModulesApple' in project 'Pods'
        ➜ Explicit dependency on target 'React-debug' in project 'Pods'
        ➜ Explicit dependency on target 'React-featureflags' in project 'Pods'
        ➜ Explicit dependency on target 'React-graphics' in project 'Pods'
        ➜ Explicit dependency on target 'React-jsi' in project 'Pods'
        ➜ Explicit dependency on target 'React-rendererdebug' in project 'Pods'
        ➜ Explicit dependency on target 'React-utils' in project 'Pods'
        ➜ Explicit dependency on target 'ReactCommon' in project 'Pods'
        ➜ Explicit dependency on target 'SocketRocket' in project 'Pods'
        ➜ Explicit dependency on target 'Yoga' in project 'Pods'
        ➜ Explicit dependency on target 'boost' in project 'Pods'
        ➜ Explicit dependency on target 'fast_float' in project 'Pods'
        ➜ Explicit dependency on target 'fmt' in project 'Pods'
        ➜ Explicit dependency on target 'glog' in project 'Pods'
        ➜ Explicit dependency on target 'hermes-engine' in project 'Pods'
    Target 'React-NativeModulesApple' in project 'Pods'
        ➜ Explicit dependency on target 'DoubleConversion' in project 'Pods'
        ➜ Explicit dependency on target 'RCT-Folly' in project 'Pods'
        ➜ Explicit dependency on target 'React-Core' in project 'Pods'
        ➜ Explicit dependency on target 'React-callinvoker' in project 'Pods'
        ➜ Explicit dependency on target 'React-cxxreact' in project 'Pods'
        ➜ Explicit dependency on target 'React-featureflags' in project 'Pods'
        ➜ Explicit dependency on target 'React-jsi' in project 'Pods'
        ➜ Explicit dependency on target 'React-jsinspector' in project 'Pods'
        ➜ Explicit dependency on target 'React-jsinspectorcdp' in project 'Pods'
        ➜ Explicit dependency on target 'React-runtimeexecutor' in project 'Pods'
        ➜ Explicit dependency on target 'ReactCommon' in project 'Pods'
        ➜ Explicit dependency on target 'SocketRocket' in project 'Pods'
        ➜ Explicit dependency on target 'boost' in project 'Pods'
        ➜ Explicit dependency on target 'fast_float' in project 'Pods'
        ➜ Explicit dependency on target 'fmt' in project 'Pods'
        ➜ Explicit dependency on target 'glog' in project 'Pods'
        ➜ Explicit dependency on target 'hermes-engine' in project 'Pods'
    Target 'React-ImageManager' in project 'Pods'
        ➜ Explicit dependency on target 'DoubleConversion' in project 'Pods'
        ➜ Explicit dependency on target 'RCT-Folly' in project 'Pods'
        ➜ Explicit dependency on target 'React-Core' in project 'Pods'
        ➜ Explicit dependency on target 'React-Fabric' in project 'Pods'
        ➜ Explicit dependency on target 'React-debug' in project 'Pods'
        ➜ Explicit dependency on target 'React-graphics' in project 'Pods'
        ➜ Explicit dependency on target 'React-rendererdebug' in project 'Pods'
        ➜ Explicit dependency on target 'React-utils' in project 'Pods'
        ➜ Explicit dependency on target 'SocketRocket' in project 'Pods'
        ➜ Explicit dependency on target 'boost' in project 'Pods'
        ➜ Explicit dependency on target 'fast_float' in project 'Pods'
        ➜ Explicit dependency on target 'fmt' in project 'Pods'
        ➜ Explicit dependency on target 'glog' in project 'Pods'
    Target 'React-Fabric' in project 'Pods'
        ➜ Explicit dependency on target 'DoubleConversion' in project 'Pods'
        ➜ Explicit dependency on target 'RCT-Folly' in project 'Pods'
        ➜ Explicit dependency on target 'RCTRequired' in project 'Pods'
        ➜ Explicit dependency on target 'RCTTypeSafety' in project 'Pods'
        ➜ Explicit dependency on target 'React-Core' in project 'Pods'
        ➜ Explicit dependency on target 'React-cxxreact' in project 'Pods'
        ➜ Explicit dependency on target 'React-debug' in project 'Pods'
        ➜ Explicit dependency on target 'React-featureflags' in project 'Pods'
        ➜ Explicit dependency on target 'React-graphics' in project 'Pods'
        ➜ Explicit dependency on target 'React-jsi' in project 'Pods'
        ➜ Explicit dependency on target 'React-jsiexecutor' in project 'Pods'
        ➜ Explicit dependency on target 'React-logger' in project 'Pods'
        ➜ Explicit dependency on target 'React-performancetimeline' in project 'Pods'
        ➜ Explicit dependency on target 'React-rendererconsistency' in project 'Pods'
        ➜ Explicit dependency on target 'React-renderercss' in project 'Pods'
        ➜ Explicit dependency on target 'React-rendererdebug' in project 'Pods'
        ➜ Explicit dependency on target 'React-runtimeexecutor' in project 'Pods'
        ➜ Explicit dependency on target 'React-runtimescheduler' in project 'Pods'
        ➜ Explicit dependency on target 'React-utils' in project 'Pods'
        ➜ Explicit dependency on target 'ReactCommon' in project 'Pods'
        ➜ Explicit dependency on target 'SocketRocket' in project 'Pods'
        ➜ Explicit dependency on target 'Yoga' in project 'Pods'
        ➜ Explicit dependency on target 'boost' in project 'Pods'
        ➜ Explicit dependency on target 'fast_float' in project 'Pods'
        ➜ Explicit dependency on target 'fmt' in project 'Pods'
        ➜ Explicit dependency on target 'glog' in project 'Pods'
        ➜ Explicit dependency on target 'hermes-engine' in project 'Pods'
    Target 'ReactCommon' in project 'Pods'
        ➜ Explicit dependency on target 'DoubleConversion' in project 'Pods'
        ➜ Explicit dependency on target 'RCT-Folly' in project 'Pods'
        ➜ Explicit dependency on target 'React-callinvoker' in project 'Pods'
        ➜ Explicit dependency on target 'React-cxxreact' in project 'Pods'
        ➜ Explicit dependency on target 'React-debug' in project 'Pods'
        ➜ Explicit dependency on target 'React-featureflags' in project 'Pods'
        ➜ Explicit dependency on target 'React-jsi' in project 'Pods'
        ➜ Explicit dependency on target 'React-logger' in project 'Pods'
        ➜ Explicit dependency on target 'React-perflogger' in project 'Pods'
        ➜ Explicit dependency on target 'React-utils' in project 'Pods'
        ➜ Explicit dependency on target 'SocketRocket' in project 'Pods'
        ➜ Explicit dependency on target 'boost' in project 'Pods'
        ➜ Explicit dependency on target 'fast_float' in project 'Pods'
        ➜ Explicit dependency on target 'fmt' in project 'Pods'
        ➜ Explicit dependency on target 'glog' in project 'Pods'
        ➜ Explicit dependency on target 'hermes-engine' in project 'Pods'
    Target 'React-renderercss' in project 'Pods'
        ➜ Explicit dependency on target 'React-debug' in project 'Pods'
        ➜ Explicit dependency on target 'React-utils' in project 'Pods'
    Target 'React-graphics' in project 'Pods'
        ➜ Explicit dependency on target 'DoubleConversion' in project 'Pods'
        ➜ Explicit dependency on target 'RCT-Folly' in project 'Pods'
        ➜ Explicit dependency on target 'React-jsi' in project 'Pods'
        ➜ Explicit dependency on target 'React-jsiexecutor' in project 'Pods'
        ➜ Explicit dependency on target 'React-utils' in project 'Pods'
        ➜ Explicit dependency on target 'SocketRocket' in project 'Pods'
        ➜ Explicit dependency on target 'boost' in project 'Pods'
        ➜ Explicit dependency on target 'fast_float' in project 'Pods'
        ➜ Explicit dependency on target 'fmt' in project 'Pods'
        ➜ Explicit dependency on target 'glog' in project 'Pods'
        ➜ Explicit dependency on target 'hermes-engine' in project 'Pods'
    Target 'RCTTypeSafety' in project 'Pods'
        ➜ Explicit dependency on target 'FBLazyVector' in project 'Pods'
        ➜ Explicit dependency on target 'RCTRequired' in project 'Pods'
        ➜ Explicit dependency on target 'React-Core' in project 'Pods'
    Target 'React-Core' in project 'Pods'
        ➜ Explicit dependency on target 'DoubleConversion' in project 'Pods'
        ➜ Explicit dependency on target 'RCT-Folly' in project 'Pods'
        ➜ Explicit dependency on target 'RCTDeprecation' in project 'Pods'
        ➜ Explicit dependency on target 'React-Core-React-Core_privacy' in project 'Pods'
        ➜ Explicit dependency on target 'React-cxxreact' in project 'Pods'
        ➜ Explicit dependency on target 'React-featureflags' in project 'Pods'
        ➜ Explicit dependency on target 'React-hermes' in project 'Pods'
        ➜ Explicit dependency on target 'React-jsi' in project 'Pods'
        ➜ Explicit dependency on target 'React-jsiexecutor' in project 'Pods'
        ➜ Explicit dependency on target 'React-jsinspector' in project 'Pods'
        ➜ Explicit dependency on target 'React-jsinspectorcdp' in project 'Pods'
        ➜ Explicit dependency on target 'React-jsitooling' in project 'Pods'
        ➜ Explicit dependency on target 'React-perflogger' in project 'Pods'
        ➜ Explicit dependency on target 'React-runtimeexecutor' in project 'Pods'
        ➜ Explicit dependency on target 'React-runtimescheduler' in project 'Pods'
        ➜ Explicit dependency on target 'React-utils' in project 'Pods'
        ➜ Explicit dependency on target 'SocketRocket' in project 'Pods'
        ➜ Explicit dependency on target 'Yoga' in project 'Pods'
        ➜ Explicit dependency on target 'boost' in project 'Pods'
        ➜ Explicit dependency on target 'fast_float' in project 'Pods'
        ➜ Explicit dependency on target 'fmt' in project 'Pods'
        ➜ Explicit dependency on target 'glog' in project 'Pods'
        ➜ Explicit dependency on target 'hermes-engine' in project 'Pods'
    Target 'Yoga' in project 'Pods' (no dependencies)
    Target 'React-runtimescheduler' in project 'Pods'
        ➜ Explicit dependency on target 'DoubleConversion' in project 'Pods'
        ➜ Explicit dependency on target 'RCT-Folly' in project 'Pods'
        ➜ Explicit dependency on target 'React-callinvoker' in project 'Pods'
        ➜ Explicit dependency on target 'React-cxxreact' in project 'Pods'
        ➜ Explicit dependency on target 'React-debug' in project 'Pods'
        ➜ Explicit dependency on target 'React-featureflags' in project 'Pods'
        ➜ Explicit dependency on target 'React-jsi' in project 'Pods'
        ➜ Explicit dependency on target 'React-jsinspectortracing' in project 'Pods'
        ➜ Explicit dependency on target 'React-performancetimeline' in project 'Pods'
        ➜ Explicit dependency on target 'React-rendererconsistency' in project 'Pods'
        ➜ Explicit dependency on target 'React-rendererdebug' in project 'Pods'
        ➜ Explicit dependency on target 'React-runtimeexecutor' in project 'Pods'
        ➜ Explicit dependency on target 'React-timing' in project 'Pods'
        ➜ Explicit dependency on target 'React-utils' in project 'Pods'
        ➜ Explicit dependency on target 'SocketRocket' in project 'Pods'
        ➜ Explicit dependency on target 'boost' in project 'Pods'
        ➜ Explicit dependency on target 'fast_float' in project 'Pods'
        ➜ Explicit dependency on target 'fmt' in project 'Pods'
        ➜ Explicit dependency on target 'glog' in project 'Pods'
        ➜ Explicit dependency on target 'hermes-engine' in project 'Pods'
    Target 'React-rendererdebug' in project 'Pods'
        ➜ Explicit dependency on target 'DoubleConversion' in project 'Pods'
        ➜ Explicit dependency on target 'RCT-Folly' in project 'Pods'
        ➜ Explicit dependency on target 'React-debug' in project 'Pods'
        ➜ Explicit dependency on target 'SocketRocket' in project 'Pods'
        ➜ Explicit dependency on target 'boost' in project 'Pods'
        ➜ Explicit dependency on target 'fast_float' in project 'Pods'
        ➜ Explicit dependency on target 'fmt' in project 'Pods'
        ➜ Explicit dependency on target 'glog' in project 'Pods'
    Target 'React-rendererconsistency' in project 'Pods' (no dependencies)
    Target 'React-jsitooling' in project 'Pods'
        ➜ Explicit dependency on target 'DoubleConversion' in project 'Pods'
        ➜ Explicit dependency on target 'RCT-Folly' in project 'Pods'
        ➜ Explicit dependency on target 'React-cxxreact' in project 'Pods'
        ➜ Explicit dependency on target 'React-jsi' in project 'Pods'
        ➜ Explicit dependency on target 'React-jsinspector' in project 'Pods'
        ➜ Explicit dependency on target 'React-jsinspectorcdp' in project 'Pods'
        ➜ Explicit dependency on target 'React-jsinspectortracing' in project 'Pods'
        ➜ Explicit dependency on target 'React-runtimeexecutor' in project 'Pods'
        ➜ Explicit dependency on target 'SocketRocket' in project 'Pods'
        ➜ Explicit dependency on target 'boost' in project 'Pods'
        ➜ Explicit dependency on target 'fast_float' in project 'Pods'
        ➜ Explicit dependency on target 'fmt' in project 'Pods'
        ➜ Explicit dependency on target 'glog' in project 'Pods'
    Target 'React-hermes' in project 'Pods'
        ➜ Explicit dependency on target 'DoubleConversion' in project 'Pods'
        ➜ Explicit dependency on target 'RCT-Folly' in project 'Pods'
        ➜ Explicit dependency on target 'React-cxxreact' in project 'Pods'
        ➜ Explicit dependency on target 'React-jsi' in project 'Pods'
        ➜ Explicit dependency on target 'React-jsiexecutor' in project 'Pods'
        ➜ Explicit dependency on target 'React-jsinspector' in project 'Pods'
        ➜ Explicit dependency on target 'React-jsinspectorcdp' in project 'Pods'
        ➜ Explicit dependency on target 'React-jsinspectortracing' in project 'Pods'
        ➜ Explicit dependency on target 'React-perflogger' in project 'Pods'
        ➜ Explicit dependency on target 'React-runtimeexecutor' in project 'Pods'
        ➜ Explicit dependency on target 'SocketRocket' in project 'Pods'
        ➜ Explicit dependency on target 'boost' in project 'Pods'
        ➜ Explicit dependency on target 'fast_float' in project 'Pods'
        ➜ Explicit dependency on target 'fmt' in project 'Pods'
        ➜ Explicit dependency on target 'glog' in project 'Pods'
        ➜ Explicit dependency on target 'hermes-engine' in project 'Pods'
    Target 'React-jsiexecutor' in project 'Pods'
        ➜ Explicit dependency on target 'DoubleConversion' in project 'Pods'
        ➜ Explicit dependency on target 'RCT-Folly' in project 'Pods'
        ➜ Explicit dependency on target 'React-cxxreact' in project 'Pods'
        ➜ Explicit dependency on target 'React-jsi' in project 'Pods'
        ➜ Explicit dependency on target 'React-jsinspector' in project 'Pods'
        ➜ Explicit dependency on target 'React-jsinspectorcdp' in project 'Pods'
        ➜ Explicit dependency on target 'React-jsinspectortracing' in project 'Pods'
        ➜ Explicit dependency on target 'React-perflogger' in project 'Pods'
        ➜ Explicit dependency on target 'React-runtimeexecutor' in project 'Pods'
        ➜ Explicit dependency on target 'SocketRocket' in project 'Pods'
        ➜ Explicit dependency on target 'boost' in project 'Pods'
        ➜ Explicit dependency on target 'fast_float' in project 'Pods'
        ➜ Explicit dependency on target 'fmt' in project 'Pods'
        ➜ Explicit dependency on target 'glog' in project 'Pods'
        ➜ Explicit dependency on target 'hermes-engine' in project 'Pods'
    Target 'React-cxxreact' in project 'Pods'
        ➜ Explicit dependency on target 'DoubleConversion' in project 'Pods'
        ➜ Explicit dependency on target 'RCT-Folly' in project 'Pods'
        ➜ Explicit dependency on target 'React-callinvoker' in project 'Pods'
        ➜ Explicit dependency on target 'React-cxxreact-React-cxxreact_privacy' in project 'Pods'
        ➜ Explicit dependency on target 'React-debug' in project 'Pods'
        ➜ Explicit dependency on target 'React-jsi' in project 'Pods'
        ➜ Explicit dependency on target 'React-jsinspector' in project 'Pods'
        ➜ Explicit dependency on target 'React-jsinspectorcdp' in project 'Pods'
        ➜ Explicit dependency on target 'React-jsinspectortracing' in project 'Pods'
        ➜ Explicit dependency on target 'React-logger' in project 'Pods'
        ➜ Explicit dependency on target 'React-perflogger' in project 'Pods'
        ➜ Explicit dependency on target 'React-runtimeexecutor' in project 'Pods'
        ➜ Explicit dependency on target 'React-timing' in project 'Pods'
        ➜ Explicit dependency on target 'SocketRocket' in project 'Pods'
        ➜ Explicit dependency on target 'boost' in project 'Pods'
        ➜ Explicit dependency on target 'fast_float' in project 'Pods'
        ➜ Explicit dependency on target 'fmt' in project 'Pods'
        ➜ Explicit dependency on target 'glog' in project 'Pods'
        ➜ Explicit dependency on target 'hermes-engine' in project 'Pods'
    Target 'React-logger' in project 'Pods'
        ➜ Explicit dependency on target 'DoubleConversion' in project 'Pods'
        ➜ Explicit dependency on target 'RCT-Folly' in project 'Pods'
        ➜ Explicit dependency on target 'SocketRocket' in project 'Pods'
        ➜ Explicit dependency on target 'boost' in project 'Pods'
        ➜ Explicit dependency on target 'fast_float' in project 'Pods'
        ➜ Explicit dependency on target 'fmt' in project 'Pods'
        ➜ Explicit dependency on target 'glog' in project 'Pods'
    Target 'React-jsinspector' in project 'Pods'
        ➜ Explicit dependency on target 'DoubleConversion' in project 'Pods'
        ➜ Explicit dependency on target 'RCT-Folly' in project 'Pods'
        ➜ Explicit dependency on target 'React-featureflags' in project 'Pods'
        ➜ Explicit dependency on target 'React-jsi' in project 'Pods'
        ➜ Explicit dependency on target 'React-jsinspectorcdp' in project 'Pods'
        ➜ Explicit dependency on target 'React-jsinspectornetwork' in project 'Pods'
        ➜ Explicit dependency on target 'React-jsinspectortracing' in project 'Pods'
        ➜ Explicit dependency on target 'React-oscompat' in project 'Pods'
        ➜ Explicit dependency on target 'React-perflogger' in project 'Pods'
        ➜ Explicit dependency on target 'React-runtimeexecutor' in project 'Pods'
        ➜ Explicit dependency on target 'SocketRocket' in project 'Pods'
        ➜ Explicit dependency on target 'boost' in project 'Pods'
        ➜ Explicit dependency on target 'fast_float' in project 'Pods'
        ➜ Explicit dependency on target 'fmt' in project 'Pods'
        ➜ Explicit dependency on target 'glog' in project 'Pods'
        ➜ Explicit dependency on target 'hermes-engine' in project 'Pods'
    Target 'React-runtimeexecutor' in project 'Pods'
        ➜ Explicit dependency on target 'DoubleConversion' in project 'Pods'
        ➜ Explicit dependency on target 'RCT-Folly' in project 'Pods'
        ➜ Explicit dependency on target 'React-debug' in project 'Pods'
        ➜ Explicit dependency on target 'React-featureflags' in project 'Pods'
        ➜ Explicit dependency on target 'React-jsi' in project 'Pods'
        ➜ Explicit dependency on target 'React-utils' in project 'Pods'
        ➜ Explicit dependency on target 'SocketRocket' in project 'Pods'
        ➜ Explicit dependency on target 'boost' in project 'Pods'
        ➜ Explicit dependency on target 'fast_float' in project 'Pods'
        ➜ Explicit dependency on target 'fmt' in project 'Pods'
        ➜ Explicit dependency on target 'glog' in project 'Pods'
    Target 'React-utils' in project 'Pods'
        ➜ Explicit dependency on target 'DoubleConversion' in project 'Pods'
        ➜ Explicit dependency on target 'RCT-Folly' in project 'Pods'
        ➜ Explicit dependency on target 'React-debug' in project 'Pods'
        ➜ Explicit dependency on target 'React-jsi' in project 'Pods'
        ➜ Explicit dependency on target 'SocketRocket' in project 'Pods'
        ➜ Explicit dependency on target 'boost' in project 'Pods'
        ➜ Explicit dependency on target 'fast_float' in project 'Pods'
        ➜ Explicit dependency on target 'fmt' in project 'Pods'
        ➜ Explicit dependency on target 'glog' in project 'Pods'
        ➜ Explicit dependency on target 'hermes-engine' in project 'Pods'
    Target 'React-jsinspectornetwork' in project 'Pods'
        ➜ Explicit dependency on target 'DoubleConversion' in project 'Pods'
        ➜ Explicit dependency on target 'RCT-Folly' in project 'Pods'
        ➜ Explicit dependency on target 'React-featureflags' in project 'Pods'
        ➜ Explicit dependency on target 'React-jsinspectorcdp' in project 'Pods'
        ➜ Explicit dependency on target 'React-performancetimeline' in project 'Pods'
        ➜ Explicit dependency on target 'React-timing' in project 'Pods'
        ➜ Explicit dependency on target 'SocketRocket' in project 'Pods'
        ➜ Explicit dependency on target 'boost' in project 'Pods'
        ➜ Explicit dependency on target 'fast_float' in project 'Pods'
        ➜ Explicit dependency on target 'fmt' in project 'Pods'
        ➜ Explicit dependency on target 'glog' in project 'Pods'
    Target 'React-performancetimeline' in project 'Pods'
        ➜ Explicit dependency on target 'DoubleConversion' in project 'Pods'
        ➜ Explicit dependency on target 'RCT-Folly' in project 'Pods'
        ➜ Explicit dependency on target 'React-featureflags' in project 'Pods'
        ➜ Explicit dependency on target 'React-jsinspectortracing' in project 'Pods'
        ➜ Explicit dependency on target 'React-perflogger' in project 'Pods'
        ➜ Explicit dependency on target 'React-timing' in project 'Pods'
        ➜ Explicit dependency on target 'SocketRocket' in project 'Pods'
        ➜ Explicit dependency on target 'boost' in project 'Pods'
        ➜ Explicit dependency on target 'fast_float' in project 'Pods'
        ➜ Explicit dependency on target 'fmt' in project 'Pods'
        ➜ Explicit dependency on target 'glog' in project 'Pods'
    Target 'React-perflogger' in project 'Pods'
        ➜ Explicit dependency on target 'DoubleConversion' in project 'Pods'
        ➜ Explicit dependency on target 'RCT-Folly' in project 'Pods'
        ➜ Explicit dependency on target 'SocketRocket' in project 'Pods'
        ➜ Explicit dependency on target 'boost' in project 'Pods'
        ➜ Explicit dependency on target 'fast_float' in project 'Pods'
        ➜ Explicit dependency on target 'fmt' in project 'Pods'
        ➜ Explicit dependency on target 'glog' in project 'Pods'
    Target 'React-jsinspectortracing' in project 'Pods'
        ➜ Explicit dependency on target 'DoubleConversion' in project 'Pods'
        ➜ Explicit dependency on target 'RCT-Folly' in project 'Pods'
        ➜ Explicit dependency on target 'React-oscompat' in project 'Pods'
        ➜ Explicit dependency on target 'React-timing' in project 'Pods'
        ➜ Explicit dependency on target 'SocketRocket' in project 'Pods'
        ➜ Explicit dependency on target 'boost' in project 'Pods'
        ➜ Explicit dependency on target 'fast_float' in project 'Pods'
        ➜ Explicit dependency on target 'fmt' in project 'Pods'
        ➜ Explicit dependency on target 'glog' in project 'Pods'
    Target 'React-timing' in project 'Pods'
        ➜ Explicit dependency on target 'React-debug' in project 'Pods'
    Target 'React-oscompat' in project 'Pods' (no dependencies)
    Target 'React-jsinspectorcdp' in project 'Pods'
        ➜ Explicit dependency on target 'DoubleConversion' in project 'Pods'
        ➜ Explicit dependency on target 'RCT-Folly' in project 'Pods'
        ➜ Explicit dependency on target 'SocketRocket' in project 'Pods'
        ➜ Explicit dependency on target 'boost' in project 'Pods'
        ➜ Explicit dependency on target 'fast_float' in project 'Pods'
        ➜ Explicit dependency on target 'fmt' in project 'Pods'
        ➜ Explicit dependency on target 'glog' in project 'Pods'
    Target 'React-featureflags' in project 'Pods'
        ➜ Explicit dependency on target 'DoubleConversion' in project 'Pods'
        ➜ Explicit dependency on target 'RCT-Folly' in project 'Pods'
        ➜ Explicit dependency on target 'SocketRocket' in project 'Pods'
        ➜ Explicit dependency on target 'boost' in project 'Pods'
        ➜ Explicit dependency on target 'fast_float' in project 'Pods'
        ➜ Explicit dependency on target 'fmt' in project 'Pods'
        ➜ Explicit dependency on target 'glog' in project 'Pods'
    Target 'React-jsi' in project 'Pods'
        ➜ Explicit dependency on target 'DoubleConversion' in project 'Pods'
        ➜ Explicit dependency on target 'RCT-Folly' in project 'Pods'
        ➜ Explicit dependency on target 'SocketRocket' in project 'Pods'
        ➜ Explicit dependency on target 'boost' in project 'Pods'
        ➜ Explicit dependency on target 'fast_float' in project 'Pods'
        ➜ Explicit dependency on target 'fmt' in project 'Pods'
        ➜ Explicit dependency on target 'glog' in project 'Pods'
        ➜ Explicit dependency on target 'hermes-engine' in project 'Pods'
    Target 'hermes-engine' in project 'Pods' (no dependencies)
    Target 'SocketRocket' in project 'Pods' (no dependencies)
    Target 'React-debug' in project 'Pods' (no dependencies)
    Target 'React-cxxreact-React-cxxreact_privacy' in project 'Pods' (no dependencies)
    Target 'React-callinvoker' in project 'Pods' (no dependencies)
    Target 'React-Core-React-Core_privacy' in project 'Pods' (no dependencies)
    Target 'RCTDeprecation' in project 'Pods' (no dependencies)
    Target 'RCTRequired' in project 'Pods' (no dependencies)
    Target 'RCT-Folly' in project 'Pods'
        ➜ Explicit dependency on target 'DoubleConversion' in project 'Pods'
        ➜ Explicit dependency on target 'RCT-Folly-RCT-Folly_privacy' in project 'Pods'
        ➜ Explicit dependency on target 'boost' in project 'Pods'
        ➜ Explicit dependency on target 'fast_float' in project 'Pods'
        ➜ Explicit dependency on target 'fmt' in project 'Pods'
        ➜ Explicit dependency on target 'glog' in project 'Pods'
    Target 'glog' in project 'Pods'
        ➜ Explicit dependency on target 'glog-glog_privacy' in project 'Pods'
    Target 'glog-glog_privacy' in project 'Pods' (no dependencies)
    Target 'fmt' in project 'Pods' (no dependencies)
    Target 'fast_float' in project 'Pods' (no dependencies)
    Target 'boost' in project 'Pods'
        ➜ Explicit dependency on target 'boost-boost_privacy' in project 'Pods'
    Target 'boost-boost_privacy' in project 'Pods' (no dependencies)
    Target 'RCT-Folly-RCT-Folly_privacy' in project 'Pods' (no dependencies)
    Target 'FBLazyVector' in project 'Pods' (no dependencies)
    Target 'DoubleConversion' in project 'Pods' (no dependencies)

GatherProvisioningInputs

CreateBuildDescription

ExecuteExternalTool /Applications/Xcode.app/Contents/Developer/Toolchains/XcodeDefault.xctoolchain/usr/bin/clang -v -E -dM -arch x86_64 -isysroot /Applications/Xcode.app/Contents/Developer/Platforms/iPhoneSimulator.platform/Developer/SDKs/iPhoneSimulator18.2.sdk -x c++ -c /dev/null

ExecuteExternalTool /Applications/Xcode.app/Contents/Developer/Toolchains/XcodeDefault.xctoolchain/usr/bin/clang -v -E -dM -isysroot /Applications/Xcode.app/Contents/Developer/Platforms/iPhoneSimulator.platform/Developer/SDKs/iPhoneSimulator18.2.sdk -x c -c /dev/null

ExecuteExternalTool /Applications/Xcode.app/Contents/Developer/Toolchains/XcodeDefault.xctoolchain/usr/bin/clang -v -E -dM -arch x86_64 -isysroot /Applications/Xcode.app/Contents/Developer/Platforms/iPhoneSimulator.platform/Developer/SDKs/iPhoneSimulator18.2.sdk -x objective-c -c /dev/null

ExecuteExternalTool /Applications/Xcode.app/Contents/Developer/Toolchains/XcodeDefault.xctoolchain/usr/bin/libtool -V

ExecuteExternalTool /Applications/Xcode.app/Contents/Developer/Toolchains/XcodeDefault.xctoolchain/usr/bin/clang -v -E -dM -arch x86_64 -isysroot /Applications/Xcode.app/Contents/Developer/Platforms/iPhoneSimulator.platform/Developer/SDKs/iPhoneSimulator18.2.sdk -x objective-c++ -c /dev/null

ExecuteExternalTool /Applications/Xcode.app/Contents/Developer/usr/bin/ibtool --version --output-format xml1

ExecuteExternalTool /Applications/Xcode.app/Contents/Developer/Toolchains/XcodeDefault.xctoolchain/usr/bin/clang -v -E -dM -arch x86_64 -isysroot /Applications/Xcode.app/Contents/Developer/Platforms/iPhoneSimulator.platform/Developer/SDKs/iPhoneSimulator18.2.sdk -x c -c /dev/null

ExecuteExternalTool /Applications/Xcode.app/Contents/Developer/usr/bin/actool --print-asset-tag-combinations --output-format xml1 /Users/dev01/react-mapxus/mapxus-hsitp/example/ios/MapxusHsitpExample/Images.xcassets

ExecuteExternalTool /Applications/Xcode.app/Contents/Developer/usr/bin/actool --version --output-format xml1

ExecuteExternalTool /Applications/Xcode.app/Contents/Developer/Toolchains/XcodeDefault.xctoolchain/usr/bin/swiftc --version

ExecuteExternalTool /Applications/Xcode.app/Contents/Developer/Toolchains/XcodeDefault.xctoolchain/usr/bin/ld -version_details

ExecuteExternalTool /Applications/Xcode.app/Contents/Developer/Toolchains/XcodeDefault.xctoolchain/usr/bin/clang -v -E -dM -arch x86_64 -isysroot /Applications/Xcode.app/Contents/Developer/Platforms/iPhoneSimulator.platform/Developer/SDKs/iPhoneSimulator18.2.sdk -x assembler-with-cpp -c /dev/null

Build description signature: baad227f6a8586abd524051bf8414e47
Build description path: /Users/dev01/Library/Developer/Xcode/DerivedData/MapxusHsitpExample-hftnszasrrpmobbpaeqzchceshkw/Build/Intermediates.noindex/XCBuildData/baad227f6a8586abd524051bf8414e47.xcbuilddata
ClangStatCache /Applications/Xcode.app/Contents/Developer/Toolchains/XcodeDefault.xctoolchain/usr/bin/clang-stat-cache /Applications/Xcode.app/Contents/Developer/Platforms/iPhoneSimulator.platform/Developer/SDKs/iPhoneSimulator18.2.sdk /Users/dev01/Library/Developer/Xcode/DerivedData/SDKStatCaches.noindex/iphonesimulator18.2-22C146-07b28473f605e47e75261259d3ef3b5a.sdkstatcache
    cd /Users/dev01/react-mapxus/mapxus-hsitp/example/ios
    /Applications/Xcode.app/Contents/Developer/Toolchains/XcodeDefault.xctoolchain/usr/bin/clang-stat-cache /Applications/Xcode.app/Contents/Developer/Platforms/iPhoneSimulator.platform/Developer/SDKs/iPhoneSimulator18.2.sdk -o /Users/dev01/Library/Developer/Xcode/DerivedData/SDKStatCaches.noindex/iphonesimulator18.2-22C146-07b28473f605e47e75261259d3ef3b5a.sdkstatcache

ProcessInfoPlistFile /Users/dev01/Library/Developer/Xcode/DerivedData/MapxusHsitpExample-hftnszasrrpmobbpaeqzchceshkw/Build/Products/Debug-iphonesimulator/React-Core/React-Core_privacy.bundle/Info.plist /Users/dev01/react-mapxus/mapxus-hsitp/example/ios/Pods/Target\ Support\ Files/React-Core/ResourceBundle-React-Core_privacy-React-Core-Info.plist (in target 'React-Core-React-Core_privacy' from project 'Pods')
    cd /Users/dev01/react-mapxus/mapxus-hsitp/example/ios/Pods
    builtin-infoPlistUtility /Users/dev01/react-mapxus/mapxus-hsitp/example/ios/Pods/Target\ Support\ Files/React-Core/ResourceBundle-React-Core_privacy-React-Core-Info.plist -producttype com.apple.product-type.bundle -expandbuildsettings -format binary -platform iphonesimulator -o /Users/dev01/Library/Developer/Xcode/DerivedData/MapxusHsitpExample-hftnszasrrpmobbpaeqzchceshkw/Build/Products/Debug-iphonesimulator/React-Core/React-Core_privacy.bundle/Info.plist

ProcessInfoPlistFile /Users/dev01/Library/Developer/Xcode/DerivedData/MapxusHsitpExample-hftnszasrrpmobbpaeqzchceshkw/Build/Products/Debug-iphonesimulator/React-cxxreact/React-cxxreact_privacy.bundle/Info.plist /Users/dev01/react-mapxus/mapxus-hsitp/example/ios/Pods/Target\ Support\ Files/React-cxxreact/ResourceBundle-React-cxxreact_privacy-React-cxxreact-Info.plist (in target 'React-cxxreact-React-cxxreact_privacy' from project 'Pods')
    cd /Users/dev01/react-mapxus/mapxus-hsitp/example/ios/Pods
    builtin-infoPlistUtility /Users/dev01/react-mapxus/mapxus-hsitp/example/ios/Pods/Target\ Support\ Files/React-cxxreact/ResourceBundle-React-cxxreact_privacy-React-cxxreact-Info.plist -producttype com.apple.product-type.bundle -expandbuildsettings -format binary -platform iphonesimulator -o /Users/dev01/Library/Developer/Xcode/DerivedData/MapxusHsitpExample-hftnszasrrpmobbpaeqzchceshkw/Build/Products/Debug-iphonesimulator/React-cxxreact/React-cxxreact_privacy.bundle/Info.plist

WriteAuxiliaryFile /Users/dev01/Library/Developer/Xcode/DerivedData/MapxusHsitpExample-hftnszasrrpmobbpaeqzchceshkw/Build/Intermediates.noindex/Pods.build/Debug-iphonesimulator/React-Core.build/Objects-normal/x86_64/af3fcb34312c57c0f52879cdce924b91-common-args.resp (in target 'React-Core' from project 'Pods')
    cd /Users/dev01/react-mapxus/mapxus-hsitp/example/ios/Pods
    write-file /Users/dev01/Library/Developer/Xcode/DerivedData/MapxusHsitpExample-hftnszasrrpmobbpaeqzchceshkw/Build/Intermediates.noindex/Pods.build/Debug-iphonesimulator/React-Core.build/Objects-normal/x86_64/af3fcb34312c57c0f52879cdce924b91-common-args.resp
-target x86_64-apple-ios15.1-simulator '-std=c++20' '-stdlib=libc++' -fobjc-arc -fmodules '-fmodules-cache-path=/Users/dev01/Library/Developer/Xcode/DerivedData/ModuleCache.noindex' '-fmodule-name=React' '-D_LIBCPP_HARDENING_MODE=_LIBCPP_HARDENING_MODE_DEBUG' -fpascal-strings -O0 -fno-common '-DPOD_CONFIGURATION_DEBUG=1' '-DDEBUG=1' '-DCOCOAPODS=1' '-DRCT_METRO_PORT=' '-DOBJC_OLD_DISPATCH_PROTOTYPES=0' -isysroot /Applications/Xcode.app/Contents/Developer/Platforms/iPhoneSimulator.platform/Developer/SDKs/iPhoneSimulator18.2.sdk -fasm-blocks -g '-fobjc-abi-version=2' -fobjc-legacy-dispatch -iquote /Users/dev01/Library/Developer/Xcode/DerivedData/MapxusHsitpExample-hftnszasrrpmobbpaeqzchceshkw/Build/Intermediates.noindex/Pods.build/Debug-iphonesimulator/React-Core.build/React-Core-generated-files.hmap -I/Users/dev01/Library/Developer/Xcode/DerivedData/MapxusHsitpExample-hftnszasrrpmobbpaeqzchceshkw/Build/Intermediates.noindex/Pods.build/Debug-iphonesimulator/React-Core.build/React-Core-own-target-headers.hmap -I/Users/dev01/Library/Developer/Xcode/DerivedData/MapxusHsitpExample-hftnszasrrpmobbpaeqzchceshkw/Build/Intermediates.noindex/Pods.build/Debug-iphonesimulator/React-Core.build/React-Core-all-non-framework-target-headers.hmap -ivfsoverlay /Users/dev01/Library/Developer/Xcode/DerivedData/MapxusHsitpExample-hftnszasrrpmobbpaeqzchceshkw/Build/Intermediates.noindex/Pods.build/Debug-iphonesimulator/Pods-8699adb1dd336b26511df848a716bd42-VFS-iphonesimulator/all-product-headers.yaml -iquote /Users/dev01/Library/Developer/Xcode/DerivedData/MapxusHsitpExample-hftnszasrrpmobbpaeqzchceshkw/Build/Intermediates.noindex/Pods.build/Debug-iphonesimulator/React-Core.build/React-Core-project-headers.hmap -I/Users/dev01/Library/Developer/Xcode/DerivedData/MapxusHsitpExample-hftnszasrrpmobbpaeqzchceshkw/Build/Products/Debug-iphonesimulator/React-Core/include -I/Users/dev01/react-mapxus/mapxus-hsitp/example/ios/Pods/Headers/Private -I/Users/dev01/react-mapxus/mapxus-hsitp/example/ios/Pods/Headers/Private/React-Core -I/Users/dev01/react-mapxus/mapxus-hsitp/example/ios/Pods/Headers/Public -I/Users/dev01/react-mapxus/mapxus-hsitp/example/ios/Pods/Headers/Public/DoubleConversion -I/Users/dev01/react-mapxus/mapxus-hsitp/example/ios/Pods/Headers/Public/RCT-Folly -I/Users/dev01/react-mapxus/mapxus-hsitp/example/ios/Pods/Headers/Public/React-Core -I/Users/dev01/react-mapxus/mapxus-hsitp/example/ios/Pods/Headers/Public/React-callinvoker -I/Users/dev01/react-mapxus/mapxus-hsitp/example/ios/Pods/Headers/Public/React-cxxreact -I/Users/dev01/react-mapxus/mapxus-hsitp/example/ios/Pods/Headers/Public/React-debug -I/Users/dev01/react-mapxus/mapxus-hsitp/example/ios/Pods/Headers/Public/React-featureflags -I/Users/dev01/react-mapxus/mapxus-hsitp/example/ios/Pods/Headers/Public/React-hermes -I/Users/dev01/react-mapxus/mapxus-hsitp/example/ios/Pods/Headers/Public/React-jsi -I/Users/dev01/react-mapxus/mapxus-hsitp/example/ios/Pods/Headers/Public/React-jsiexecutor -I/Users/dev01/react-mapxus/mapxus-hsitp/example/ios/Pods/Headers/Public/React-jsinspector -I/Users/dev01/react-mapxus/mapxus-hsitp/example/ios/Pods/Headers/Public/React-jsinspectorcdp -I/Users/dev01/react-mapxus/mapxus-hsitp/example/ios/Pods/Headers/Public/React-jsinspectornetwork -I/Users/dev01/react-mapxus/mapxus-hsitp/example/ios/Pods/Headers/Public/React-jsinspectortracing -I/Users/dev01/react-mapxus/mapxus-hsitp/example/ios/Pods/Headers/Public/React-jsitooling -I/Users/dev01/react-mapxus/mapxus-hsitp/example/ios/Pods/Headers/Public/React-logger -I/Users/dev01/react-mapxus/mapxus-hsitp/example/ios/Pods/Headers/Public/React-oscompat -I/Users/dev01/react-mapxus/mapxus-hsitp/example/ios/Pods/Headers/Public/React-perflogger -I/Users/dev01/react-mapxus/mapxus-hsitp/example/ios/Pods/Headers/Public/React-performancetimeline -I/Users/dev01/react-mapxus/mapxus-hsitp/example/ios/Pods/Headers/Public/React-rendererconsistency -I/Users/dev01/react-mapxus/mapxus-hsitp/example/ios/Pods/Headers/Public/React-rendererdebug -I/Users/dev01/react-mapxus/mapxus-hsitp/example/ios/Pods/Headers/Public/React-runtimeexecutor -I/Users/dev01/react-mapxus/mapxus-hsitp/example/ios/Pods/Headers/Public/React-runtimescheduler -I/Users/dev01/react-mapxus/mapxus-hsitp/example/ios/Pods/Headers/Public/React-timing -I/Users/dev01/react-mapxus/mapxus-hsitp/example/ios/Pods/Headers/Public/React-utils -I/Users/dev01/react-mapxus/mapxus-hsitp/example/ios/Pods/Headers/Public/Yoga -I/Users/dev01/react-mapxus/mapxus-hsitp/example/ios/Pods/Headers/Public/boost -I/Users/dev01/react-mapxus/mapxus-hsitp/example/ios/Pods/Headers/Public/fast_float -I/Users/dev01/react-mapxus/mapxus-hsitp/example/ios/Pods/Headers/Public/fmt -I/Users/dev01/react-mapxus/mapxus-hsitp/example/ios/Pods/Headers/Public/glog -I/Users/dev01/react-mapxus/mapxus-hsitp/example/ios/Pods/Headers/Public/hermes-engine -I/Users/dev01/react-mapxus/mapxus-hsitp/example/node_modules/react-native/ReactCommon -I/Users/dev01/react-mapxus/mapxus-hsitp/example/ios/Pods/Headers/Public/FlipperKit -I/Users/dev01/react-mapxus/mapxus-hsitp/example/ios/Pods/Headers/Public/ReactCommon -I/Users/dev01/react-mapxus/mapxus-hsitp/example/ios/Pods/Headers/Public/React-hermes -I/Users/dev01/react-mapxus/mapxus-hsitp/example/ios/Pods/Headers/Public/hermes-engine -I/Users/dev01/Library/Developer/Xcode/DerivedData/MapxusHsitpExample-hftnszasrrpmobbpaeqzchceshkw/Build/Products/Debug-iphonesimulator/React-runtimeexecutor/React_runtimeexecutor.framework/Headers -I/Users/dev01/Library/Developer/Xcode/DerivedData/MapxusHsitpExample-hftnszasrrpmobbpaeqzchceshkw/Build/Products/Debug-iphonesimulator/React-runtimeexecutor/React_runtimeexecutor.framework/Headers/platform/ios -I/Users/dev01/Library/Developer/Xcode/DerivedData/MapxusHsitpExample-hftnszasrrpmobbpaeqzchceshkw/Build/Products/Debug-iphonesimulator/React-jsinspector/jsinspector_modern.framework/Headers -I/Users/dev01/Library/Developer/Xcode/DerivedData/MapxusHsitpExample-hftnszasrrpmobbpaeqzchceshkw/Build/Products/Debug-iphonesimulator/React-jsinspectorcdp/jsinspector_moderncdp.framework/Headers -I/Users/dev01/Library/Developer/Xcode/DerivedData/MapxusHsitpExample-hftnszasrrpmobbpaeqzchceshkw/Build/Products/Debug-iphonesimulator/React-jsitooling/JSITooling.framework/Headers -I/Users/dev01/Library/Developer/Xcode/DerivedData/MapxusHsitpExample-hftnszasrrpmobbpaeqzchceshkw/Build/Products/Debug-iphonesimulator/React-utils/React_utils.framework/Headers -I/Users/dev01/Library/Developer/Xcode/DerivedData/MapxusHsitpExample-hftnszasrrpmobbpaeqzchceshkw/Build/Products/Debug-iphonesimulator/React-utils/React_utils.framework/Headers/react/utils/platform/ios -I/Users/dev01/Library/Developer/Xcode/DerivedData/MapxusHsitpExample-hftnszasrrpmobbpaeqzchceshkw/Build/Products/Debug-iphonesimulator/RCTDeprecation/RCTDeprecation.framework/Headers -I/Users/dev01/react-mapxus/mapxus-hsitp/example/ios/Pods/glog -I/Users/dev01/react-mapxus/mapxus-hsitp/example/ios/Pods/boost -I/Users/dev01/react-mapxus/mapxus-hsitp/example/ios/Pods/DoubleConversion -I/Users/dev01/react-mapxus/mapxus-hsitp/example/ios/Pods/fast_float/include -I/Users/dev01/react-mapxus/mapxus-hsitp/example/ios/Pods/fmt/include -I/Users/dev01/react-mapxus/mapxus-hsitp/example/ios/Pods/SocketRocket -I/Users/dev01/react-mapxus/mapxus-hsitp/example/ios/Pods/RCT-Folly -I/Users/dev01/Library/Developer/Xcode/DerivedData/MapxusHsitpExample-hftnszasrrpmobbpaeqzchceshkw/Build/Intermediates.noindex/Pods.build/Debug-iphonesimulator/React-Core.build/DerivedSources-normal/x86_64 -I/Users/dev01/Library/Developer/Xcode/DerivedData/MapxusHsitpExample-hftnszasrrpmobbpaeqzchceshkw/Build/Intermediates.noindex/Pods.build/Debug-iphonesimulator/React-Core.build/DerivedSources/x86_64 -I/Users/dev01/Library/Developer/Xcode/DerivedData/MapxusHsitpExample-hftnszasrrpmobbpaeqzchceshkw/Build/Intermediates.noindex/Pods.build/Debug-iphonesimulator/React-Core.build/DerivedSources -F/Users/dev01/Library/Developer/Xcode/DerivedData/MapxusHsitpExample-hftnszasrrpmobbpaeqzchceshkw/Build/Products/Debug-iphonesimulator/React-Core -F/Users/dev01/react-mapxus/mapxus-hsitp/example/ios/Pods/hermes-engine/destroot/Library/Frameworks/universal -F/Users/dev01/Library/Developer/Xcode/DerivedData/MapxusHsitpExample-hftnszasrrpmobbpaeqzchceshkw/Build/Products/Debug-iphonesimulator/XCFrameworkIntermediates/hermes-engine/Pre-built -F/Users/dev01/Library/Developer/Xcode/DerivedData/MapxusHsitpExample-hftnszasrrpmobbpaeqzchceshkw/Build/Products/Debug-iphonesimulator/React-hermes '-fmodule-map-file=/Users/dev01/react-mapxus/mapxus-hsitp/example/ios/Pods/Headers/Public/DoubleConversion/DoubleConversion.modulemap' '-fmodule-map-file=/Users/dev01/react-mapxus/mapxus-hsitp/example/ios/Pods/Headers/Public/RCTDeprecation/RCTDeprecation.modulemap' '-fmodule-map-file=/Users/dev01/react-mapxus/mapxus-hsitp/example/ios/Pods/Headers/Public/React_runtimeexecutor/React-runtimeexecutor.modulemap' '-fmodule-map-file=/Users/dev01/react-mapxus/mapxus-hsitp/example/ios/Pods/Headers/Public/SocketRocket/SocketRocket.modulemap' '-fmodule-map-file=/Users/dev01/react-mapxus/mapxus-hsitp/example/ios/Pods/Headers/Public/fmt/fmt.modulemap' '-fmodule-map-file=/Users/dev01/react-mapxus/mapxus-hsitp/example/ios/Pods/Headers/Public/folly/RCT-Folly.modulemap' '-fmodule-map-file=/Users/dev01/react-mapxus/mapxus-hsitp/example/ios/Pods/Headers/Public/glog/glog.modulemap' '-fmodule-map-file=/Users/dev01/react-mapxus/mapxus-hsitp/example/ios/Pods/Headers/Public/jsi/React-jsi.modulemap' '-fmodule-map-file=/Users/dev01/react-mapxus/mapxus-hsitp/example/ios/Pods/Headers/Public/jsinspector_modern/React-jsinspector.modulemap' '-fmodule-map-file=/Users/dev01/react-mapxus/mapxus-hsitp/example/ios/Pods/Headers/Public/jsinspector_modern_cdp/React-jsinspectorcdp.modulemap' '-fmodule-map-file=/Users/dev01/react-mapxus/mapxus-hsitp/example/ios/Pods/Headers/Public/jsinspector_modern_network/React-jsinspectornetwork.modulemap' '-fmodule-map-file=/Users/dev01/react-mapxus/mapxus-hsitp/example/ios/Pods/Headers/Public/jsinspector_modern_tracing/React-jsinspectortracing.modulemap' '-fmodule-map-file=/Users/dev01/react-mapxus/mapxus-hsitp/example/ios/Pods/Headers/Public/react_debug/React-debug.modulemap' '-fmodule-map-file=/Users/dev01/react-mapxus/mapxus-hsitp/example/ios/Pods/Headers/Public/react_featureflags/React-featureflags.modulemap' '-fmodule-map-file=/Users/dev01/react-mapxus/mapxus-hsitp/example/ios/Pods/Headers/Public/react_renderer_debug/React-rendererdebug.modulemap' '-fmodule-map-file=/Users/dev01/react-mapxus/mapxus-hsitp/example/ios/Pods/Headers/Public/react_runtime/React-jsitooling.modulemap' '-fmodule-map-file=/Users/dev01/react-mapxus/mapxus-hsitp/example/ios/Pods/Headers/Public/react_utils/React-utils.modulemap' '-fmodule-map-file=/Users/dev01/react-mapxus/mapxus-hsitp/example/ios/Pods/Headers/Public/reacthermes/React-hermes.modulemap' '-fmodule-map-file=/Users/dev01/react-mapxus/mapxus-hsitp/example/ios/Pods/Headers/Public/yoga/Yoga.modulemap' '-DRCT_NEW_ARCH_ENABLED=1'

PhaseScriptExecution [CP-User]\ [Hermes]\ Replace\ Hermes\ for\ the\ right\ configuration,\ if\ needed /Users/dev01/Library/Developer/Xcode/DerivedData/MapxusHsitpExample-hftnszasrrpmobbpaeqzchceshkw/Build/Intermediates.noindex/Pods.build/Debug-iphonesimulator/hermes-engine.build/Script-46EB2E00021400.sh (in target 'hermes-engine' from project 'Pods')
    cd /Users/dev01/react-mapxus/mapxus-hsitp/example/ios/Pods
    export ACTION\=build
    export AD_HOC_CODE_SIGNING_ALLOWED\=YES
    export ALLOW_BUILD_REQUEST_OVERRIDES\=NO
    export ALLOW_TARGET_PLATFORM_SPECIALIZATION\=NO
    export ALTERNATE_GROUP\=staff
    export ALTERNATE_MODE\=u+w,go-w,a+rX
    export ALTERNATE_OWNER\=dev01
    export ALTERNATIVE_DISTRIBUTION_WEB\=NO
    export ALWAYS_EMBED_SWIFT_STANDARD_LIBRARIES\=NO
    export ALWAYS_SEARCH_USER_PATHS\=NO
    export ALWAYS_USE_SEPARATE_HEADERMAPS\=NO
    export APPLE_INTERNAL_DEVELOPER_DIR\=/AppleInternal/Developer
    export APPLE_INTERNAL_DIR\=/AppleInternal
    export APPLE_INTERNAL_DOCUMENTATION_DIR\=/AppleInternal/Documentation
    export APPLE_INTERNAL_LIBRARY_DIR\=/AppleInternal/Library
    export APPLE_INTERNAL_TOOLS\=/AppleInternal/Developer/Tools
    export APPLICATION_EXTENSION_API_ONLY\=NO
    export APPLY_RULES_IN_COPY_FILES\=NO
    export APPLY_RULES_IN_COPY_HEADERS\=NO
    export APP_SHORTCUTS_ENABLE_FLEXIBLE_MATCHING\=YES
    export ARCHS\=x86_64
    export ARCHS_STANDARD\=arm64\ x86_64
    export ARCHS_STANDARD_32_64_BIT\=arm64\ i386\ x86_64
    export ARCHS_STANDARD_32_BIT\=i386
    export ARCHS_STANDARD_64_BIT\=arm64\ x86_64
    export ARCHS_STANDARD_INCLUDING_64_BIT\=arm64\ x86_64
    export ARCHS_UNIVERSAL_IPHONE_OS\=arm64\ i386\ x86_64
    export ASSETCATALOG_COMPILER_APPICON_NAME\=AppIcon
    export ASSETCATALOG_COMPILER_GENERATE_ASSET_SYMBOLS\=YES
    export ASSETCATALOG_COMPILER_GLOBAL_ACCENT_COLOR_NAME\=AccentColor
    export ASSETCATALOG_FILTER_FOR_DEVICE_MODEL\=iPhone17,2
    export ASSETCATALOG_FILTER_FOR_DEVICE_OS_VERSION\=18.3.1
    export ASSETCATALOG_FILTER_FOR_THINNING_DEVICE_CONFIGURATION\=iPhone17,2
    export AUTOMATICALLY_MERGE_DEPENDENCIES\=NO
    export AVAILABLE_PLATFORMS\=appletvos\ appletvsimulator\ driverkit\ iphoneos\ iphonesimulator\ macosx\ watchos\ watchsimulator\ xros\ xrsimulator
    export BITCODE_GENERATION_MODE\=marker
    export BUILD_ACTIVE_RESOURCES_ONLY\=YES
    export BUILD_COMPONENTS\=headers\ build
    export BUILD_DIR\=/Users/dev01/Library/Developer/Xcode/DerivedData/MapxusHsitpExample-hftnszasrrpmobbpaeqzchceshkw/Build/Products
    export BUILD_LIBRARY_FOR_DISTRIBUTION\=NO
    export BUILD_ROOT\=/Users/dev01/Library/Developer/Xcode/DerivedData/MapxusHsitpExample-hftnszasrrpmobbpaeqzchceshkw/Build/Products
    export BUILD_STYLE\=
    export BUILD_VARIANTS\=normal
    export BUILT_PRODUCTS_DIR\=/Users/dev01/Library/Developer/Xcode/DerivedData/MapxusHsitpExample-hftnszasrrpmobbpaeqzchceshkw/Build/Products/Debug-iphonesimulator/hermes-engine
    export BUNDLE_CONTENTS_FOLDER_PATH_deep\=Contents/
    export BUNDLE_EXECUTABLE_FOLDER_NAME_deep\=MacOS
    export BUNDLE_EXTENSIONS_FOLDER_PATH\=Extensions
    export BUNDLE_FORMAT\=shallow
    export BUNDLE_FRAMEWORKS_FOLDER_PATH\=Frameworks
    export BUNDLE_PLUGINS_FOLDER_PATH\=PlugIns
    export BUNDLE_PRIVATE_HEADERS_FOLDER_PATH\=PrivateHeaders
    export BUNDLE_PUBLIC_HEADERS_FOLDER_PATH\=Headers
    export CACHE_ROOT\=/var/folders/v3/ty_99kvd7l35bzhmtb3xk1900000gp/C/com.apple.DeveloperTools/16.2-16C5032a/Xcode
    export CCHROOT\=/var/folders/v3/ty_99kvd7l35bzhmtb3xk1900000gp/C/com.apple.DeveloperTools/16.2-16C5032a/Xcode
    export CHMOD\=/bin/chmod
    export CHOWN\=/usr/sbin/chown
    export CLANG_ANALYZER_LOCALIZABILITY_NONLOCALIZED\=YES
    export CLANG_ANALYZER_NONNULL\=YES
    export CLANG_ANALYZER_NUMBER_OBJECT_CONVERSION\=YES_AGGRESSIVE
    export CLANG_CACHE_FINE_GRAINED_OUTPUTS\=YES
    export CLANG_CXX_LANGUAGE_STANDARD\=c++20
    export CLANG_CXX_LIBRARY\=compiler-default
    export CLANG_ENABLE_EXPLICIT_MODULES\=YES
    export CLANG_ENABLE_MODULES\=YES
    export CLANG_ENABLE_OBJC_ARC\=YES
    export CLANG_ENABLE_OBJC_WEAK\=NO
    export CLANG_MODULES_BUILD_SESSION_FILE\=/Users/dev01/Library/Developer/Xcode/DerivedData/ModuleCache.noindex/Session.modulevalidation
    export CLANG_WARN_BLOCK_CAPTURE_AUTORELEASING\=YES
    export CLANG_WARN_BOOL_CONVERSION\=YES
    export CLANG_WARN_COMMA\=YES
    export CLANG_WARN_CONSTANT_CONVERSION\=YES
    export CLANG_WARN_DEPRECATED_OBJC_IMPLEMENTATIONS\=YES
    export CLANG_WARN_DIRECT_OBJC_ISA_USAGE\=YES_ERROR
    export CLANG_WARN_DOCUMENTATION_COMMENTS\=YES
    export CLANG_WARN_EMPTY_BODY\=YES
    export CLANG_WARN_ENUM_CONVERSION\=YES
    export CLANG_WARN_INFINITE_RECURSION\=YES
    export CLANG_WARN_INT_CONVERSION\=YES
    export CLANG_WARN_NON_LITERAL_NULL_CONVERSION\=YES
    export CLANG_WARN_OBJC_IMPLICIT_RETAIN_SELF\=YES
    export CLANG_WARN_OBJC_LITERAL_CONVERSION\=YES
    export CLANG_WARN_OBJC_ROOT_CLASS\=YES_ERROR
    export CLANG_WARN_QUOTED_INCLUDE_IN_FRAMEWORK_HEADER\=NO
    export CLANG_WARN_RANGE_LOOP_ANALYSIS\=YES
    export CLANG_WARN_STRICT_PROTOTYPES\=YES
    export CLANG_WARN_SUSPICIOUS_MOVE\=YES
    export CLANG_WARN_UNGUARDED_AVAILABILITY\=YES_AGGRESSIVE
    export CLANG_WARN_UNREACHABLE_CODE\=YES
    export CLANG_WARN__DUPLICATE_METHOD_MATCH\=YES
    export CLASS_FILE_DIR\=/Users/dev01/Library/Developer/Xcode/DerivedData/MapxusHsitpExample-hftnszasrrpmobbpaeqzchceshkw/Build/Intermediates.noindex/Pods.build/Debug-iphonesimulator/hermes-engine.build/JavaClasses
    export CLEAN_PRECOMPS\=YES
    export CLONE_HEADERS\=NO
    export CODESIGNING_FOLDER_PATH\=/Users/dev01/Library/Developer/Xcode/DerivedData/MapxusHsitpExample-hftnszasrrpmobbpaeqzchceshkw/Build/Products/Debug-iphonesimulator/hermes-engine/
    export CODE_SIGNING_ALLOWED\=NO
    export CODE_SIGNING_REQUIRED\=YES
    export CODE_SIGN_CONTEXT_CLASS\=XCiPhoneSimulatorCodeSignContext
    export CODE_SIGN_IDENTITY\=-
    export CODE_SIGN_INJECT_BASE_ENTITLEMENTS\=YES
    export COLOR_DIAGNOSTICS\=NO
    export COMBINE_HIDPI_IMAGES\=NO
    export COMPILATION_CACHE_CAS_PATH\=/Users/dev01/Library/Developer/Xcode/DerivedData/CompilationCache.noindex
    export COMPILATION_CACHE_KEEP_CAS_DIRECTORY\=YES
    export COMPILER_INDEX_STORE_ENABLE\=Default
    export COMPOSITE_SDK_DIRS\=/Users/dev01/Library/Developer/Xcode/DerivedData/MapxusHsitpExample-hftnszasrrpmobbpaeqzchceshkw/Build/Intermediates.noindex/CompositeSDKs
    export COMPRESS_PNG_FILES\=YES
    export CONFIGURATION\=Debug
    export CONFIGURATION_BUILD_DIR\=/Users/dev01/Library/Developer/Xcode/DerivedData/MapxusHsitpExample-hftnszasrrpmobbpaeqzchceshkw/Build/Products/Debug-iphonesimulator/hermes-engine
    export CONFIGURATION_TEMP_DIR\=/Users/dev01/Library/Developer/Xcode/DerivedData/MapxusHsitpExample-hftnszasrrpmobbpaeqzchceshkw/Build/Intermediates.noindex/Pods.build/Debug-iphonesimulator
    export COPYING_PRESERVES_HFS_DATA\=NO
    export COPY_HEADERS_RUN_UNIFDEF\=NO
    export COPY_PHASE_STRIP\=NO
    export CORRESPONDING_DEVICE_PLATFORM_DIR\=/Applications/Xcode.app/Contents/Developer/Platforms/iPhoneOS.platform
    export CORRESPONDING_DEVICE_PLATFORM_NAME\=iphoneos
    export CORRESPONDING_DEVICE_SDK_DIR\=/Applications/Xcode.app/Contents/Developer/Platforms/iPhoneOS.platform/Developer/SDKs/iPhoneOS18.2.sdk
    export CORRESPONDING_DEVICE_SDK_NAME\=iphoneos18.2
    export CP\=/bin/cp
    export CREATE_INFOPLIST_SECTION_IN_BINARY\=NO
    export CURRENT_ARCH\=undefined_arch
    export CURRENT_VARIANT\=normal
    export DEAD_CODE_STRIPPING\=YES
    export DEBUGGING_SYMBOLS\=YES
    export DEBUG_INFORMATION_FORMAT\=dwarf
    export DEBUG_INFORMATION_VERSION\=compiler-default
    export DEFAULT_COMPILER\=com.apple.compilers.llvm.clang.1_0
    export DEFAULT_DEXT_INSTALL_PATH\=/System/Library/DriverExtensions
    export DEFAULT_KEXT_INSTALL_PATH\=/System/Library/Extensions
    export DEFINES_MODULE\=NO
    export DEPLOYMENT_LOCATION\=NO
    export DEPLOYMENT_POSTPROCESSING\=NO
    export DEPLOYMENT_TARGET_SETTING_NAME\=IPHONEOS_DEPLOYMENT_TARGET
    export DEPLOYMENT_TARGET_SUGGESTED_VALUES\=12.0\ 12.1\ 12.2\ 12.3\ 12.4\ 13.0\ 13.1\ 13.2\ 13.3\ 13.4\ 13.5\ 13.6\ 14.0\ 14.1\ 14.2\ 14.3\ 14.4\ 14.5\ 14.6\ 14.7\ 15.0\ 15.1\ 15.2\ 15.3\ 15.4\ 15.5\ 15.6\ 16.0\ 16.1\ 16.2\ 16.3\ 16.4\ 16.5\ 16.6\ 17.0\ 17.1\ 17.2\ 17.3\ 17.4\ 17.5\ 17.6\ 18.0\ 18.1\ 18.2
    export DERIVED_FILES_DIR\=/Users/dev01/Library/Developer/Xcode/DerivedData/MapxusHsitpExample-hftnszasrrpmobbpaeqzchceshkw/Build/Intermediates.noindex/Pods.build/Debug-iphonesimulator/hermes-engine.build/DerivedSources
    export DERIVED_FILE_DIR\=/Users/dev01/Library/Developer/Xcode/DerivedData/MapxusHsitpExample-hftnszasrrpmobbpaeqzchceshkw/Build/Intermediates.noindex/Pods.build/Debug-iphonesimulator/hermes-engine.build/DerivedSources
    export DERIVED_SOURCES_DIR\=/Users/dev01/Library/Developer/Xcode/DerivedData/MapxusHsitpExample-hftnszasrrpmobbpaeqzchceshkw/Build/Intermediates.noindex/Pods.build/Debug-iphonesimulator/hermes-engine.build/DerivedSources
    export DEVELOPER_APPLICATIONS_DIR\=/Applications/Xcode.app/Contents/Developer/Applications
    export DEVELOPER_BIN_DIR\=/Applications/Xcode.app/Contents/Developer/usr/bin
    export DEVELOPER_DIR\=/Applications/Xcode.app/Contents/Developer
    export DEVELOPER_FRAMEWORKS_DIR\=/Applications/Xcode.app/Contents/Developer/Library/Frameworks
    export DEVELOPER_FRAMEWORKS_DIR_QUOTED\=/Applications/Xcode.app/Contents/Developer/Library/Frameworks
    export DEVELOPER_LIBRARY_DIR\=/Applications/Xcode.app/Contents/Developer/Library
    export DEVELOPER_SDK_DIR\=/Applications/Xcode.app/Contents/Developer/Platforms/MacOSX.platform/Developer/SDKs
    export DEVELOPER_TOOLS_DIR\=/Applications/Xcode.app/Contents/Developer/Tools
    export DEVELOPER_USR_DIR\=/Applications/Xcode.app/Contents/Developer/usr
    export DEVELOPMENT_LANGUAGE\=en
    export DIFF\=/usr/bin/diff
    export DONT_GENERATE_INFOPLIST_FILE\=NO
    export DSTROOT\=/tmp/Pods.dst
    export DT_TOOLCHAIN_DIR\=/Applications/Xcode.app/Contents/Developer/Toolchains/XcodeDefault.xctoolchain
    export DWARF_DSYM_FILE_NAME\=.dSYM
    export DWARF_DSYM_FILE_SHOULD_ACCOMPANY_PRODUCT\=NO
    export DWARF_DSYM_FOLDER_PATH\=/Users/dev01/Library/Developer/Xcode/DerivedData/MapxusHsitpExample-hftnszasrrpmobbpaeqzchceshkw/Build/Products/Debug-iphonesimulator/hermes-engine
    export DYNAMIC_LIBRARY_EXTENSION\=dylib
    export EAGER_COMPILATION_ALLOW_SCRIPTS\=NO
    export EAGER_LINKING\=NO
    export EFFECTIVE_PLATFORM_NAME\=-iphonesimulator
    export EMBEDDED_CONTENT_CONTAINS_SWIFT\=NO
    export EMBED_ASSET_PACKS_IN_PRODUCT_BUNDLE\=NO
    export ENABLE_APP_SANDBOX\=NO
    export ENABLE_BITCODE\=NO
    export ENABLE_CODE_COVERAGE\=YES
    export ENABLE_DEFAULT_HEADER_SEARCH_PATHS\=YES
    export ENABLE_DEFAULT_SEARCH_PATHS\=YES
    export ENABLE_HARDENED_RUNTIME\=NO
    export ENABLE_HEADER_DEPENDENCIES\=YES
    export ENABLE_ON_DEMAND_RESOURCES\=NO
    export ENABLE_PREVIEWS\=NO
    export ENABLE_STRICT_OBJC_MSGSEND\=YES
    export ENABLE_TESTABILITY\=YES
    export ENABLE_TESTING_SEARCH_PATHS\=NO
    export ENABLE_USER_SCRIPT_SANDBOXING\=NO
    export ENABLE_XOJIT_PREVIEWS\=YES
    export ENTITLEMENTS_DESTINATION\=__entitlements
    export ENTITLEMENTS_REQUIRED\=YES
    export EXCLUDED_INSTALLSRC_SUBDIRECTORY_PATTERNS\=.DS_Store\ .svn\ .git\ .hg\ CVS
    export EXCLUDED_RECURSIVE_SEARCH_PATH_SUBDIRECTORIES\=\*.nib\ \*.lproj\ \*.framework\ \*.gch\ \*.xcode\*\ \*.xcassets\ \(\*\)\ .DS_Store\ CVS\ .svn\ .git\ .hg\ \*.pbproj\ \*.pbxproj
    export FILE_LIST\=/Users/dev01/Library/Developer/Xcode/DerivedData/MapxusHsitpExample-hftnszasrrpmobbpaeqzchceshkw/Build/Intermediates.noindex/Pods.build/Debug-iphonesimulator/hermes-engine.build/Objects/LinkFileList
    export FIXED_FILES_DIR\=/Users/dev01/Library/Developer/Xcode/DerivedData/MapxusHsitpExample-hftnszasrrpmobbpaeqzchceshkw/Build/Intermediates.noindex/Pods.build/Debug-iphonesimulator/hermes-engine.build/FixedFiles
    export FRAMEWORK_SEARCH_PATHS\=\ \"/Users/dev01/react-mapxus/mapxus-hsitp/example/ios/Pods/hermes-engine/destroot/Library/Frameworks/universal\"\ \"/Users/dev01/Library/Developer/Xcode/DerivedData/MapxusHsitpExample-hftnszasrrpmobbpaeqzchceshkw/Build/Products/Debug-iphonesimulator/XCFrameworkIntermediates/hermes-engine/Pre-built\"
    export FRAMEWORK_VERSION\=A
    export FUSE_BUILD_PHASES\=YES
    export FUSE_BUILD_SCRIPT_PHASES\=NO
    export GCC3_VERSION\=3.3
    export GCC_C_LANGUAGE_STANDARD\=gnu11
    export GCC_DYNAMIC_NO_PIC\=NO
    export GCC_NO_COMMON_BLOCKS\=YES
    export GCC_OBJC_LEGACY_DISPATCH\=YES
    export GCC_OPTIMIZATION_LEVEL\=0
    export GCC_PFE_FILE_C_DIALECTS\=c\ objective-c\ c++\ objective-c++
    export GCC_PREPROCESSOR_DEFINITIONS\=POD_CONFIGURATION_DEBUG\=1\ DEBUG\=1\ \ COCOAPODS\=1\ HERMES_ENABLE_DEBUGGER\=1
    export GCC_TREAT_WARNINGS_AS_ERRORS\=NO
    export GCC_VERSION\=com.apple.compilers.llvm.clang.1_0
    export GCC_VERSION_IDENTIFIER\=com_apple_compilers_llvm_clang_1_0
    export GCC_WARN_64_TO_32_BIT_CONVERSION\=YES
    export GCC_WARN_ABOUT_RETURN_TYPE\=YES_ERROR
    export GCC_WARN_INHIBIT_ALL_WARNINGS\=YES
    export GCC_WARN_UNDECLARED_SELECTOR\=YES
    export GCC_WARN_UNINITIALIZED_AUTOS\=YES_AGGRESSIVE
    export GCC_WARN_UNUSED_FUNCTION\=YES
    export GCC_WARN_UNUSED_VARIABLE\=YES
    export GENERATED_MODULEMAP_DIR\=/Users/dev01/Library/Developer/Xcode/DerivedData/MapxusHsitpExample-hftnszasrrpmobbpaeqzchceshkw/Build/Intermediates.noindex/GeneratedModuleMaps-iphonesimulator
    export GENERATE_INFOPLIST_FILE\=NO
    export GENERATE_INTERMEDIATE_TEXT_BASED_STUBS\=YES
    export GENERATE_MASTER_OBJECT_FILE\=NO
    export GENERATE_PKGINFO_FILE\=NO
    export GENERATE_PROFILING_CODE\=NO
    export GENERATE_TEXT_BASED_STUBS\=NO
    export GID\=20
    export GROUP\=staff
    export HEADERMAP_INCLUDES_FLAT_ENTRIES_FOR_TARGET_BEING_BUILT\=YES
    export HEADERMAP_INCLUDES_FRAMEWORK_ENTRIES_FOR_ALL_PRODUCT_TYPES\=YES
    export HEADERMAP_INCLUDES_FRAMEWORK_ENTRIES_FOR_TARGETS_NOT_BEING_BUILT\=YES
    export HEADERMAP_INCLUDES_NONPUBLIC_NONPRIVATE_HEADERS\=YES
    export HEADERMAP_INCLUDES_PROJECT_HEADERS\=YES
    export HEADERMAP_USES_FRAMEWORK_PREFIX_ENTRIES\=YES
    export HEADERMAP_USES_VFS\=NO
    export HEADER_SEARCH_PATHS\=\ \"/Users/dev01/react-mapxus/mapxus-hsitp/example/ios/Pods/Headers/Private\"\ \"/Users/dev01/react-mapxus/mapxus-hsitp/example/ios/Pods/Headers/Private/hermes-engine\"\ \"/Users/dev01/react-mapxus/mapxus-hsitp/example/ios/Pods/Headers/Public\"\ \"/Users/dev01/react-mapxus/mapxus-hsitp/example/ios/Pods/Headers/Public/hermes-engine\"
    export HIDE_BITCODE_SYMBOLS\=YES
    export HOME\=/Users/dev01
    export HOST_ARCH\=x86_64
    export HOST_PLATFORM\=macosx
    export ICONV\=/usr/bin/iconv
    export IMPLICIT_DEPENDENCY_DOMAIN\=default
    export INFOPLIST_ENABLE_CFBUNDLEICONS_MERGE\=YES
    export INFOPLIST_EXPAND_BUILD_SETTINGS\=YES
    export INFOPLIST_OUTPUT_FORMAT\=binary
    export INFOPLIST_PREPROCESS\=NO
    export INLINE_PRIVATE_FRAMEWORKS\=NO
    export INSTALLHDRS_COPY_PHASE\=NO
    export INSTALLHDRS_SCRIPT_PHASE\=NO
    export INSTALL_DIR\=/tmp/Pods.dst
    export INSTALL_GROUP\=staff
    export INSTALL_MODE_FLAG\=u+w,go-w,a+rX
    export INSTALL_OWNER\=dev01
    export INSTALL_ROOT\=/tmp/Pods.dst
    export IPHONEOS_DEPLOYMENT_TARGET\=15.1
    export IS_UNOPTIMIZED_BUILD\=YES
    export JAVAC_DEFAULT_FLAGS\=-J-Xms64m\ -J-XX:NewSize\=4M\ -J-Dfile.encoding\=UTF8
    export JAVA_APP_STUB\=/System/Library/Frameworks/JavaVM.framework/Resources/MacOS/JavaApplicationStub
    export JAVA_ARCHIVE_CLASSES\=YES
    export JAVA_ARCHIVE_TYPE\=JAR
    export JAVA_COMPILER\=/usr/bin/javac
    export JAVA_FRAMEWORK_RESOURCES_DIRS\=Resources
    export JAVA_JAR_FLAGS\=cv
    export JAVA_SOURCE_SUBDIR\=.
    export JAVA_USE_DEPENDENCIES\=YES
    export JAVA_ZIP_FLAGS\=-urg
    export JIKES_DEFAULT_FLAGS\=+E\ +OLDCSO
    export KEEP_PRIVATE_EXTERNS\=NO
    export LD_DEPENDENCY_INFO_FILE\=/Users/dev01/Library/Developer/Xcode/DerivedData/MapxusHsitpExample-hftnszasrrpmobbpaeqzchceshkw/Build/Intermediates.noindex/Pods.build/Debug-iphonesimulator/hermes-engine.build/Objects-normal/undefined_arch/hermes-engine_dependency_info.dat
    export LD_EXPORT_SYMBOLS\=YES
    export LD_GENERATE_MAP_FILE\=NO
    export LD_MAP_FILE_PATH\=/Users/dev01/Library/Developer/Xcode/DerivedData/MapxusHsitpExample-hftnszasrrpmobbpaeqzchceshkw/Build/Intermediates.noindex/Pods.build/Debug-iphonesimulator/hermes-engine.build/hermes-engine-LinkMap-normal-undefined_arch.txt
    export LD_NO_PIE\=NO
    export LD_QUOTE_LINKER_ARGUMENTS_FOR_COMPILER_DRIVER\=YES
    export LD_RUNPATH_SEARCH_PATHS\=\ @executable_path/Frameworks
    export LD_SHARED_CACHE_ELIGIBLE\=Automatic
    export LD_WARN_DUPLICATE_LIBRARIES\=NO
    export LD_WARN_UNUSED_DYLIBS\=NO
    export LEGACY_DEVELOPER_DIR\=/Applications/Xcode.app/Contents/PlugIns/Xcode3Core.ideplugin/Contents/SharedSupport/Developer
    export LEX\=lex
    export LIBRARY_DEXT_INSTALL_PATH\=/Library/DriverExtensions
    export LIBRARY_FLAG_NOSPACE\=YES
    export LIBRARY_KEXT_INSTALL_PATH\=/Library/Extensions
    export LINKER_DISPLAYS_MANGLED_NAMES\=NO
    export LINK_FILE_LIST_normal_x86_64\=/Users/dev01/Library/Developer/Xcode/DerivedData/MapxusHsitpExample-hftnszasrrpmobbpaeqzchceshkw/Build/Intermediates.noindex/Pods.build/Debug-iphonesimulator/hermes-engine.build/Objects-normal/x86_64/hermes-engine.LinkFileList
    export LINK_OBJC_RUNTIME\=YES
    export LINK_WITH_STANDARD_LIBRARIES\=YES
    export LLVM_TARGET_TRIPLE_OS_VERSION\=ios15.1
    export LLVM_TARGET_TRIPLE_SUFFIX\=-simulator
    export LLVM_TARGET_TRIPLE_VENDOR\=apple
    export LM_AUX_CONST_METADATA_LIST_PATH_normal_x86_64\=/Users/dev01/Library/Developer/Xcode/DerivedData/MapxusHsitpExample-hftnszasrrpmobbpaeqzchceshkw/Build/Intermediates.noindex/Pods.build/Debug-iphonesimulator/hermes-engine.build/Objects-normal/x86_64/hermes-engine.SwiftConstValuesFileList
    export LOCALIZATION_EXPORT_SUPPORTED\=YES
    export LOCALIZATION_PREFERS_STRING_CATALOGS\=NO
    export LOCALIZED_STRING_MACRO_NAMES\=NSLocalizedString\ CFCopyLocalizedString
    export LOCALIZED_STRING_SWIFTUI_SUPPORT\=YES
    export LOCAL_ADMIN_APPS_DIR\=/Applications/Utilities
    export LOCAL_APPS_DIR\=/Applications
    export LOCAL_DEVELOPER_DIR\=/Library/Developer
    export LOCAL_LIBRARY_DIR\=/Library
    export LOCROOT\=/Users/dev01/react-mapxus/mapxus-hsitp/example/ios/Pods
    export LOCSYMROOT\=/Users/dev01/react-mapxus/mapxus-hsitp/example/ios/Pods
    export MAC_OS_X_PRODUCT_BUILD_VERSION\=24E263
    export MAC_OS_X_VERSION_ACTUAL\=150401
    export MAC_OS_X_VERSION_MAJOR\=150000
    export MAC_OS_X_VERSION_MINOR\=150400
    export MAKE_MERGEABLE\=NO
    export MERGEABLE_LIBRARY\=NO
    export MERGED_BINARY_TYPE\=none
    export MERGE_LINKED_LIBRARIES\=NO
    export METAL_LIBRARY_FILE_BASE\=default
    export METAL_LIBRARY_OUTPUT_DIR\=/Users/dev01/Library/Developer/Xcode/DerivedData/MapxusHsitpExample-hftnszasrrpmobbpaeqzchceshkw/Build/Products/Debug-iphonesimulator/hermes-engine/
    export MODULE_CACHE_DIR\=/Users/dev01/Library/Developer/Xcode/DerivedData/ModuleCache.noindex
    export MTL_ENABLE_DEBUG_INFO\=INCLUDE_SOURCE
    export MTL_FAST_MATH\=YES
    export NATIVE_ARCH\=x86_64
    export NATIVE_ARCH_32_BIT\=i386
    export NATIVE_ARCH_64_BIT\=x86_64
    export NATIVE_ARCH_ACTUAL\=x86_64
    export NO_COMMON\=YES
    export OBJC_ABI_VERSION\=2
    export OBJECT_FILE_DIR\=/Users/dev01/Library/Developer/Xcode/DerivedData/MapxusHsitpExample-hftnszasrrpmobbpaeqzchceshkw/Build/Intermediates.noindex/Pods.build/Debug-iphonesimulator/hermes-engine.build/Objects
    export OBJECT_FILE_DIR_normal\=/Users/dev01/Library/Developer/Xcode/DerivedData/MapxusHsitpExample-hftnszasrrpmobbpaeqzchceshkw/Build/Intermediates.noindex/Pods.build/Debug-iphonesimulator/hermes-engine.build/Objects-normal
    export OBJROOT\=/Users/dev01/Library/Developer/Xcode/DerivedData/MapxusHsitpExample-hftnszasrrpmobbpaeqzchceshkw/Build/Intermediates.noindex
    export ONLY_ACTIVE_ARCH\=YES
    export OS\=MACOS
    export OSAC\=/usr/bin/osacompile
    export PASCAL_STRINGS\=YES
    export PATH\=/Applications/Xcode.app/Contents/SharedFrameworks/XCBuild.framework/Versions/A/PlugIns/XCBBuildService.bundle/Contents/PlugIns/XCBSpecifications.ideplugin/Contents/Resources:/Applications/Xcode.app/Contents/SharedFrameworks/XCBuild.framework/Versions/A/PlugIns/XCBBuildService.bundle/Contents/PlugIns/XCBSpecifications.ideplugin:/Applications/Xcode.app/Contents/Developer/Toolchains/XcodeDefault.xctoolchain/usr/bin:/Applications/Xcode.app/Contents/Developer/Toolchains/XcodeDefault.xctoolchain/usr/appleinternal/bin:/Applications/Xcode.app/Contents/Developer/Toolchains/XcodeDefault.xctoolchain/usr/local/bin:/Applications/Xcode.app/Contents/Developer/Toolchains/XcodeDefault.xctoolchain/usr/libexec:/Applications/Xcode.app/Contents/Developer/Platforms/iPhoneSimulator.platform/usr/bin:/Applications/Xcode.app/Contents/Developer/Platforms/iPhoneSimulator.platform/usr/appleinternal/bin:/Applications/Xcode.app/Contents/Developer/Platforms/iPhoneSimulator.platform/usr/local/bin:/Applications/Xcode.app/Contents/Developer/Platforms/iPhoneSimulator.platform/Developer/usr/bin:/Applications/Xcode.app/Contents/Developer/Platforms/iPhoneSimulator.platform/Developer/usr/local/bin:/Applications/Xcode.app/Contents/Developer/usr/bin:/Applications/Xcode.app/Contents/Developer/usr/local/bin:/Users/dev01/.rvm/gems/ruby-3.0.0/bin:/Users/dev01/.rvm/gems/ruby-3.0.0@global/bin:/Users/dev01/.rvm/rubies/ruby-3.0.0/bin:/Users/dev01/.config/herd-lite/bin:/Users/dev01/.nvm/versions/node/v22.21.0/bin:/usr/local/mysql/bin:/Library/Frameworks/Python.framework/Versions/3.13/bin:/usr/local/bin:/System/Cryptexes/App/usr/bin:/usr/bin:/bin:/usr/sbin:/sbin:/var/run/com.apple.security.cryptexd/codex.system/bootstrap/usr/local/bin:/var/run/com.apple.security.cryptexd/codex.system/bootstrap/usr/bin:/var/run/com.apple.security.cryptexd/codex.system/bootstrap/usr/appleinternal/bin:/Library/Apple/usr/bin:/Users/dev01/development/flutter/bin:/Users/dev01/Library/Android/sdk/emulator:/Users/dev01/Library/Android/sdk/platform-tools:/Users/dev01/Library/Android/sdk/cmdline-tools/latest/bin:/Users/dev01/.rvm/bin
    export PATH_PREFIXES_EXCLUDED_FROM_HEADER_DEPENDENCIES\=/usr/include\ /usr/local/include\ /System/Library/Frameworks\ /System/Library/PrivateFrameworks\ /Applications/Xcode.app/Contents/Developer/Headers\ /Applications/Xcode.app/Contents/Developer/SDKs\ /Applications/Xcode.app/Contents/Developer/Platforms
    export PER_ARCH_OBJECT_FILE_DIR\=/Users/dev01/Library/Developer/Xcode/DerivedData/MapxusHsitpExample-hftnszasrrpmobbpaeqzchceshkw/Build/Intermediates.noindex/Pods.build/Debug-iphonesimulator/hermes-engine.build/Objects-normal/undefined_arch
    export PER_VARIANT_OBJECT_FILE_DIR\=/Users/dev01/Library/Developer/Xcode/DerivedData/MapxusHsitpExample-hftnszasrrpmobbpaeqzchceshkw/Build/Intermediates.noindex/Pods.build/Debug-iphonesimulator/hermes-engine.build/Objects-normal
    export PKGINFO_FILE_PATH\=/Users/dev01/Library/Developer/Xcode/DerivedData/MapxusHsitpExample-hftnszasrrpmobbpaeqzchceshkw/Build/Intermediates.noindex/Pods.build/Debug-iphonesimulator/hermes-engine.build/PkgInfo
    export PLATFORM_DEVELOPER_APPLICATIONS_DIR\=/Applications/Xcode.app/Contents/Developer/Platforms/iPhoneSimulator.platform/Developer/Applications
    export PLATFORM_DEVELOPER_BIN_DIR\=/Applications/Xcode.app/Contents/Developer/Platforms/iPhoneSimulator.platform/Developer/usr/bin
    export PLATFORM_DEVELOPER_LIBRARY_DIR\=/Applications/Xcode.app/Contents/Developer/Platforms/iPhoneSimulator.platform/Developer/Library
    export PLATFORM_DEVELOPER_SDK_DIR\=/Applications/Xcode.app/Contents/Developer/Platforms/iPhoneSimulator.platform/Developer/SDKs
    export PLATFORM_DEVELOPER_TOOLS_DIR\=/Applications/Xcode.app/Contents/Developer/Platforms/iPhoneSimulator.platform/Developer/Tools
    export PLATFORM_DEVELOPER_USR_DIR\=/Applications/Xcode.app/Contents/Developer/Platforms/iPhoneSimulator.platform/Developer/usr
    export PLATFORM_DIR\=/Applications/Xcode.app/Contents/Developer/Platforms/iPhoneSimulator.platform
    export PLATFORM_DISPLAY_NAME\=iOS\ Simulator
    export PLATFORM_FAMILY_NAME\=iOS
    export PLATFORM_NAME\=iphonesimulator
    export PLATFORM_PREFERRED_ARCH\=x86_64
    export PLATFORM_PRODUCT_BUILD_VERSION\=22C146
    export PLIST_FILE_OUTPUT_FORMAT\=binary
    export PODS_BUILD_DIR\=/Users/dev01/Library/Developer/Xcode/DerivedData/MapxusHsitpExample-hftnszasrrpmobbpaeqzchceshkw/Build/Products
    export PODS_CONFIGURATION_BUILD_DIR\=/Users/dev01/Library/Developer/Xcode/DerivedData/MapxusHsitpExample-hftnszasrrpmobbpaeqzchceshkw/Build/Products/Debug-iphonesimulator
    export PODS_DEVELOPMENT_LANGUAGE\=en
    export PODS_ROOT\=/Users/dev01/react-mapxus/mapxus-hsitp/example/ios/Pods
    export PODS_TARGET_SRCROOT\=/Users/dev01/react-mapxus/mapxus-hsitp/example/ios/Pods/hermes-engine
    export PODS_XCFRAMEWORKS_BUILD_DIR\=/Users/dev01/Library/Developer/Xcode/DerivedData/MapxusHsitpExample-hftnszasrrpmobbpaeqzchceshkw/Build/Products/Debug-iphonesimulator/XCFrameworkIntermediates
    export PRECOMPS_INCLUDE_HEADERS_FROM_BUILT_PRODUCTS_DIR\=YES
    export PRECOMP_DESTINATION_DIR\=/Users/dev01/Library/Developer/Xcode/DerivedData/MapxusHsitpExample-hftnszasrrpmobbpaeqzchceshkw/Build/Intermediates.noindex/Pods.build/Debug-iphonesimulator/hermes-engine.build/PrefixHeaders
    export PROCESSED_INFOPLIST_PATH\=/Users/dev01/Library/Developer/Xcode/DerivedData/MapxusHsitpExample-hftnszasrrpmobbpaeqzchceshkw/Build/Intermediates.noindex/Pods.build/Debug-iphonesimulator/hermes-engine.build/Objects-normal/undefined_arch/Processed-Info.plist
    export PRODUCT_BUNDLE_IDENTIFIER\=org.cocoapods.hermes-engine
    export PRODUCT_MODULE_NAME\=hermes_engine
    export PRODUCT_NAME\=hermes-engine
    export PRODUCT_SETTINGS_PATH\=
    export PROFILING_CODE\=NO
    export PROJECT\=Pods
    export PROJECT_DERIVED_FILE_DIR\=/Users/dev01/Library/Developer/Xcode/DerivedData/MapxusHsitpExample-hftnszasrrpmobbpaeqzchceshkw/Build/Intermediates.noindex/Pods.build/DerivedSources
    export PROJECT_DIR\=/Users/dev01/react-mapxus/mapxus-hsitp/example/ios/Pods
    export PROJECT_FILE_PATH\=/Users/dev01/react-mapxus/mapxus-hsitp/example/ios/Pods/Pods.xcodeproj
    export PROJECT_GUID\=8699adb1dd336b26511df848a716bd42
    export PROJECT_NAME\=Pods
    export PROJECT_TEMP_DIR\=/Users/dev01/Library/Developer/Xcode/DerivedData/MapxusHsitpExample-hftnszasrrpmobbpaeqzchceshkw/Build/Intermediates.noindex/Pods.build
    export PROJECT_TEMP_ROOT\=/Users/dev01/Library/Developer/Xcode/DerivedData/MapxusHsitpExample-hftnszasrrpmobbpaeqzchceshkw/Build/Intermediates.noindex
    export REACT_NATIVE_PATH\=/Users/dev01/react-mapxus/mapxus-hsitp/example/ios/Pods/../../node_modules/react-native
    export RECOMMENDED_IPHONEOS_DEPLOYMENT_TARGET\=15.0
    export RECURSIVE_SEARCH_PATHS_FOLLOW_SYMLINKS\=YES
    export REMOVE_CVS_FROM_RESOURCES\=YES
    export REMOVE_GIT_FROM_RESOURCES\=YES
    export REMOVE_HEADERS_FROM_EMBEDDED_BUNDLES\=YES
    export REMOVE_HG_FROM_RESOURCES\=YES
    export REMOVE_STATIC_EXECUTABLES_FROM_EMBEDDED_BUNDLES\=YES
    export REMOVE_SVN_FROM_RESOURCES\=YES
    export RESCHEDULE_INDEPENDENT_HEADERS_PHASES\=YES
    export REZ_COLLECTOR_DIR\=/Users/dev01/Library/Developer/Xcode/DerivedData/MapxusHsitpExample-hftnszasrrpmobbpaeqzchceshkw/Build/Intermediates.noindex/Pods.build/Debug-iphonesimulator/hermes-engine.build/ResourceManagerResources
    export REZ_OBJECTS_DIR\=/Users/dev01/Library/Developer/Xcode/DerivedData/MapxusHsitpExample-hftnszasrrpmobbpaeqzchceshkw/Build/Intermediates.noindex/Pods.build/Debug-iphonesimulator/hermes-engine.build/ResourceManagerResources/Objects
    export SCAN_ALL_SOURCE_FILES_FOR_INCLUDES\=NO
    export SCRIPT_INPUT_FILE_COUNT\=0
    export SCRIPT_INPUT_FILE_LIST_COUNT\=0
    export SCRIPT_OUTPUT_FILE_COUNT\=0
    export SCRIPT_OUTPUT_FILE_LIST_COUNT\=0
    export SDKROOT\=/Applications/Xcode.app/Contents/Developer/Platforms/iPhoneSimulator.platform/Developer/SDKs/iPhoneSimulator18.2.sdk
    export SDK_DIR\=/Applications/Xcode.app/Contents/Developer/Platforms/iPhoneSimulator.platform/Developer/SDKs/iPhoneSimulator18.2.sdk
    export SDK_DIR_iphonesimulator\=/Applications/Xcode.app/Contents/Developer/Platforms/iPhoneSimulator.platform/Developer/SDKs/iPhoneSimulator18.2.sdk
    export SDK_DIR_iphonesimulator18_2\=/Applications/Xcode.app/Contents/Developer/Platforms/iPhoneSimulator.platform/Developer/SDKs/iPhoneSimulator18.2.sdk
    export SDK_NAME\=iphonesimulator18.2
    export SDK_NAMES\=iphonesimulator18.2
    export SDK_PRODUCT_BUILD_VERSION\=22C146
    export SDK_STAT_CACHE_DIR\=/Users/dev01/Library/Developer/Xcode/DerivedData
    export SDK_STAT_CACHE_ENABLE\=YES
    export SDK_STAT_CACHE_PATH\=/Users/dev01/Library/Developer/Xcode/DerivedData/SDKStatCaches.noindex/iphonesimulator18.2-22C146-07b28473f605e47e75261259d3ef3b5a.sdkstatcache
    export SDK_VERSION\=18.2
    export SDK_VERSION_ACTUAL\=180200
    export SDK_VERSION_MAJOR\=180000
    export SDK_VERSION_MINOR\=180200
    export SED\=/usr/bin/sed
    export SEPARATE_STRIP\=NO
    export SEPARATE_SYMBOL_EDIT\=NO
    export SET_DIR_MODE_OWNER_GROUP\=YES
    export SET_FILE_MODE_OWNER_GROUP\=NO
    export SHALLOW_BUNDLE\=NO
    export SHARED_DERIVED_FILE_DIR\=/Users/dev01/Library/Developer/Xcode/DerivedData/MapxusHsitpExample-hftnszasrrpmobbpaeqzchceshkw/Build/Products/Debug-iphonesimulator/hermes-engine/DerivedSources
    export SHARED_PRECOMPS_DIR\=/Users/dev01/Library/Developer/Xcode/DerivedData/MapxusHsitpExample-hftnszasrrpmobbpaeqzchceshkw/Build/Intermediates.noindex/PrecompiledHeaders
    export SKIP_INSTALL\=YES
    export SOURCE_ROOT\=/Users/dev01/react-mapxus/mapxus-hsitp/example/ios/Pods
    export SRCROOT\=/Users/dev01/react-mapxus/mapxus-hsitp/example/ios/Pods
    export STRINGSDATA_DIR\=/Users/dev01/Library/Developer/Xcode/DerivedData/MapxusHsitpExample-hftnszasrrpmobbpaeqzchceshkw/Build/Intermediates.noindex/Pods.build/Debug-iphonesimulator/hermes-engine.build/Objects-normal/undefined_arch
    export STRINGSDATA_ROOT\=/Users/dev01/Library/Developer/Xcode/DerivedData/MapxusHsitpExample-hftnszasrrpmobbpaeqzchceshkw/Build/Intermediates.noindex/Pods.build/Debug-iphonesimulator/hermes-engine.build
    export STRINGS_FILE_INFOPLIST_RENAME\=YES
    export STRINGS_FILE_OUTPUT_ENCODING\=binary
    export STRIP_BITCODE_FROM_COPIED_FILES\=NO
    export STRIP_INSTALLED_PRODUCT\=NO
    export STRIP_STYLE\=all
    export STRIP_SWIFT_SYMBOLS\=YES
    export SUPPORTED_DEVICE_FAMILIES\=1,2
    export SUPPORTED_PLATFORMS\=iphoneos\ iphonesimulator
    export SUPPORTS_TEXT_BASED_API\=NO
    export SUPPRESS_WARNINGS\=NO
    export SWIFT_ACTIVE_COMPILATION_CONDITIONS\=\ DEBUG
    export SWIFT_EMIT_LOC_STRINGS\=NO
    export SWIFT_OPTIMIZATION_LEVEL\=-Onone
    export SWIFT_PLATFORM_TARGET_PREFIX\=ios
    export SWIFT_RESPONSE_FILE_PATH_normal_x86_64\=/Users/dev01/Library/Developer/Xcode/DerivedData/MapxusHsitpExample-hftnszasrrpmobbpaeqzchceshkw/Build/Intermediates.noindex/Pods.build/Debug-iphonesimulator/hermes-engine.build/Objects-normal/x86_64/hermes-engine.SwiftFileList
    export SWIFT_VERSION\=5.0
    export SYMROOT\=/Users/dev01/Library/Developer/Xcode/DerivedData/MapxusHsitpExample-hftnszasrrpmobbpaeqzchceshkw/Build/Products
    export SYSTEM_ADMIN_APPS_DIR\=/Applications/Utilities
    export SYSTEM_APPS_DIR\=/Applications
    export SYSTEM_CORE_SERVICES_DIR\=/System/Library/CoreServices
    export SYSTEM_DEMOS_DIR\=/Applications/Extras
    export SYSTEM_DEVELOPER_APPS_DIR\=/Applications/Xcode.app/Contents/Developer/Applications
    export SYSTEM_DEVELOPER_BIN_DIR\=/Applications/Xcode.app/Contents/Developer/usr/bin
    export SYSTEM_DEVELOPER_DEMOS_DIR\=/Applications/Xcode.app/Contents/Developer/Applications/Utilities/Built\ Examples
    export SYSTEM_DEVELOPER_DIR\=/Applications/Xcode.app/Contents/Developer
    export SYSTEM_DEVELOPER_DOC_DIR\=/Applications/Xcode.app/Contents/Developer/ADC\ Reference\ Library
    export SYSTEM_DEVELOPER_GRAPHICS_TOOLS_DIR\=/Applications/Xcode.app/Contents/Developer/Applications/Graphics\ Tools
    export SYSTEM_DEVELOPER_JAVA_TOOLS_DIR\=/Applications/Xcode.app/Contents/Developer/Applications/Java\ Tools
    export SYSTEM_DEVELOPER_PERFORMANCE_TOOLS_DIR\=/Applications/Xcode.app/Contents/Developer/Applications/Performance\ Tools
    export SYSTEM_DEVELOPER_RELEASENOTES_DIR\=/Applications/Xcode.app/Contents/Developer/ADC\ Reference\ Library/releasenotes
    export SYSTEM_DEVELOPER_TOOLS\=/Applications/Xcode.app/Contents/Developer/Tools
    export SYSTEM_DEVELOPER_TOOLS_DOC_DIR\=/Applications/Xcode.app/Contents/Developer/ADC\ Reference\ Library/documentation/DeveloperTools
    export SYSTEM_DEVELOPER_TOOLS_RELEASENOTES_DIR\=/Applications/Xcode.app/Contents/Developer/ADC\ Reference\ Library/releasenotes/DeveloperTools
    export SYSTEM_DEVELOPER_USR_DIR\=/Applications/Xcode.app/Contents/Developer/usr
    export SYSTEM_DEVELOPER_UTILITIES_DIR\=/Applications/Xcode.app/Contents/Developer/Applications/Utilities
    export SYSTEM_DEXT_INSTALL_PATH\=/System/Library/DriverExtensions
    export SYSTEM_DOCUMENTATION_DIR\=/Library/Documentation
    export SYSTEM_KEXT_INSTALL_PATH\=/System/Library/Extensions
    export SYSTEM_LIBRARY_DIR\=/System/Library
    export TAPI_DEMANGLE\=YES
    export TAPI_ENABLE_PROJECT_HEADERS\=NO
    export TAPI_LANGUAGE\=objective-c
    export TAPI_LANGUAGE_STANDARD\=compiler-default
    export TAPI_USE_SRCROOT\=YES
    export TAPI_VERIFY_MODE\=Pedantic
    export TARGETED_DEVICE_FAMILY\=1,2
    export TARGETNAME\=hermes-engine
    export TARGET_BUILD_DIR\=/Users/dev01/Library/Developer/Xcode/DerivedData/MapxusHsitpExample-hftnszasrrpmobbpaeqzchceshkw/Build/Products/Debug-iphonesimulator/hermes-engine
    export TARGET_DEVICE_IDENTIFIER\=0ABC35AC-EB8C-493F-AF66-7B0BC9DD37E2
    export TARGET_DEVICE_MODEL\=iPhone17,2
    export TARGET_DEVICE_OS_VERSION\=18.3.1
    export TARGET_DEVICE_PLATFORM_NAME\=iphonesimulator
    export TARGET_NAME\=hermes-engine
    export TARGET_TEMP_DIR\=/Users/dev01/Library/Developer/Xcode/DerivedData/MapxusHsitpExample-hftnszasrrpmobbpaeqzchceshkw/Build/Intermediates.noindex/Pods.build/Debug-iphonesimulator/hermes-engine.build
    export TEMP_DIR\=/Users/dev01/Library/Developer/Xcode/DerivedData/MapxusHsitpExample-hftnszasrrpmobbpaeqzchceshkw/Build/Intermediates.noindex/Pods.build/Debug-iphonesimulator/hermes-engine.build
    export TEMP_FILES_DIR\=/Users/dev01/Library/Developer/Xcode/DerivedData/MapxusHsitpExample-hftnszasrrpmobbpaeqzchceshkw/Build/Intermediates.noindex/Pods.build/Debug-iphonesimulator/hermes-engine.build
    export TEMP_FILE_DIR\=/Users/dev01/Library/Developer/Xcode/DerivedData/MapxusHsitpExample-hftnszasrrpmobbpaeqzchceshkw/Build/Intermediates.noindex/Pods.build/Debug-iphonesimulator/hermes-engine.build
    export TEMP_ROOT\=/Users/dev01/Library/Developer/Xcode/DerivedData/MapxusHsitpExample-hftnszasrrpmobbpaeqzchceshkw/Build/Intermediates.noindex
    export TEST_FRAMEWORK_SEARCH_PATHS\=\ /Applications/Xcode.app/Contents/Developer/Platforms/iPhoneSimulator.platform/Developer/Library/Frameworks\ /Applications/Xcode.app/Contents/Developer/Platforms/iPhoneSimulator.platform/Developer/SDKs/iPhoneSimulator18.2.sdk/Developer/Library/Frameworks
    export TEST_LIBRARY_SEARCH_PATHS\=\ /Applications/Xcode.app/Contents/Developer/Platforms/iPhoneSimulator.platform/Developer/usr/lib
    export TOOLCHAINS\=com.apple.dt.toolchain.XcodeDefault
    export TOOLCHAIN_DIR\=/Applications/Xcode.app/Contents/Developer/Toolchains/XcodeDefault.xctoolchain
    export TREAT_MISSING_BASELINES_AS_TEST_FAILURES\=NO
    export TREAT_MISSING_SCRIPT_PHASE_OUTPUTS_AS_ERRORS\=NO
    export UID\=502
    export UNINSTALLED_PRODUCTS_DIR\=/Users/dev01/Library/Developer/Xcode/DerivedData/MapxusHsitpExample-hftnszasrrpmobbpaeqzchceshkw/Build/Intermediates.noindex/UninstalledProducts
    export UNSTRIPPED_PRODUCT\=NO
    export USER\=dev01
    export USER_APPS_DIR\=/Users/dev01/Applications
    export USER_LIBRARY_DIR\=/Users/dev01/Library
    export USE_DYNAMIC_NO_PIC\=YES
    export USE_HEADERMAP\=YES
    export USE_HEADER_SYMLINKS\=NO
    export USE_HERMES\=true
    export USE_RECURSIVE_SCRIPT_INPUTS_IN_SCRIPT_PHASES\=YES
    export VALIDATE_DEVELOPMENT_ASSET_PATHS\=YES_ERROR
    export VALIDATE_PRODUCT\=NO
    export VALID_ARCHS\=arm64\ arm64e\ i386\ x86_64
    export VERBOSE_PBXCP\=NO
    export VERSION_INFO_BUILDER\=dev01
    export VERSION_INFO_FILE\=hermes-engine_vers.c
    export VERSION_INFO_STRING\=\"@\(\#\)PROGRAM:hermes-engine\ \ PROJECT:Pods-\"
    export WORKSPACE_DIR\=/Users/dev01/react-mapxus/mapxus-hsitp/example/ios
    export WRAP_ASSET_PACKS_IN_SEPARATE_DIRECTORIES\=NO
    export XCODE_APP_SUPPORT_DIR\=/Applications/Xcode.app/Contents/Developer/Library/Xcode
    export XCODE_PRODUCT_BUILD_VERSION\=16C5032a
    export XCODE_VERSION_ACTUAL\=1620
    export XCODE_VERSION_MAJOR\=1600
    export XCODE_VERSION_MINOR\=1620
    export XPCSERVICES_FOLDER_PATH\=/XPCServices
    export YACC\=yacc
    export arch\=undefined_arch
    export variant\=normal
    /bin/sh -c /Users/dev01/Library/Developer/Xcode/DerivedData/MapxusHsitpExample-hftnszasrrpmobbpaeqzchceshkw/Build/Intermediates.noindex/Pods.build/Debug-iphonesimulator/hermes-engine.build/Script-46EB2E00021400.sh
Node found at: /Users/dev01/.nvm/versions/node/v22.17.0/bin/node
No previous build detected, but Debug Configuration. No need to replace Hermes engine

ProcessInfoPlistFile /Users/dev01/Library/Developer/Xcode/DerivedData/MapxusHsitpExample-hftnszasrrpmobbpaeqzchceshkw/Build/Products/Debug-iphonesimulator/boost/boost_privacy.bundle/Info.plist /Users/dev01/react-mapxus/mapxus-hsitp/example/ios/Pods/Target\ Support\ Files/boost/ResourceBundle-boost_privacy-boost-Info.plist (in target 'boost-boost_privacy' from project 'Pods')
    cd /Users/dev01/react-mapxus/mapxus-hsitp/example/ios/Pods
    builtin-infoPlistUtility /Users/dev01/react-mapxus/mapxus-hsitp/example/ios/Pods/Target\ Support\ Files/boost/ResourceBundle-boost_privacy-boost-Info.plist -producttype com.apple.product-type.bundle -expandbuildsettings -format binary -platform iphonesimulator -o /Users/dev01/Library/Developer/Xcode/DerivedData/MapxusHsitpExample-hftnszasrrpmobbpaeqzchceshkw/Build/Products/Debug-iphonesimulator/boost/boost_privacy.bundle/Info.plist

ProcessInfoPlistFile /Users/dev01/Library/Developer/Xcode/DerivedData/MapxusHsitpExample-hftnszasrrpmobbpaeqzchceshkw/Build/Products/Debug-iphonesimulator/RCT-Folly/RCT-Folly_privacy.bundle/Info.plist /Users/dev01/react-mapxus/mapxus-hsitp/example/ios/Pods/Target\ Support\ Files/RCT-Folly/ResourceBundle-RCT-Folly_privacy-RCT-Folly-Info.plist (in target 'RCT-Folly-RCT-Folly_privacy' from project 'Pods')
    cd /Users/dev01/react-mapxus/mapxus-hsitp/example/ios/Pods
    builtin-infoPlistUtility /Users/dev01/react-mapxus/mapxus-hsitp/example/ios/Pods/Target\ Support\ Files/RCT-Folly/ResourceBundle-RCT-Folly_privacy-RCT-Folly-Info.plist -producttype com.apple.product-type.bundle -expandbuildsettings -format binary -platform iphonesimulator -o /Users/dev01/Library/Developer/Xcode/DerivedData/MapxusHsitpExample-hftnszasrrpmobbpaeqzchceshkw/Build/Products/Debug-iphonesimulator/RCT-Folly/RCT-Folly_privacy.bundle/Info.plist

ProcessInfoPlistFile /Users/dev01/Library/Developer/Xcode/DerivedData/MapxusHsitpExample-hftnszasrrpmobbpaeqzchceshkw/Build/Products/Debug-iphonesimulator/glog/glog_privacy.bundle/Info.plist /Users/dev01/react-mapxus/mapxus-hsitp/example/ios/Pods/Target\ Support\ Files/glog/ResourceBundle-glog_privacy-glog-Info.plist (in target 'glog-glog_privacy' from project 'Pods')
    cd /Users/dev01/react-mapxus/mapxus-hsitp/example/ios/Pods
    builtin-infoPlistUtility /Users/dev01/react-mapxus/mapxus-hsitp/example/ios/Pods/Target\ Support\ Files/glog/ResourceBundle-glog_privacy-glog-Info.plist -producttype com.apple.product-type.bundle -expandbuildsettings -format binary -platform iphonesimulator -o /Users/dev01/Library/Developer/Xcode/DerivedData/MapxusHsitpExample-hftnszasrrpmobbpaeqzchceshkw/Build/Products/Debug-iphonesimulator/glog/glog_privacy.bundle/Info.plist

PhaseScriptExecution [CP]\ Copy\ XCFrameworks /Users/dev01/Library/Developer/Xcode/DerivedData/MapxusHsitpExample-hftnszasrrpmobbpaeqzchceshkw/Build/Intermediates.noindex/Pods.build/Debug-iphonesimulator/hermes-engine.build/Script-46EB2E000213F0.sh (in target 'hermes-engine' from project 'Pods')
    cd /Users/dev01/react-mapxus/mapxus-hsitp/example/ios/Pods
    /bin/sh -c /Users/dev01/Library/Developer/Xcode/DerivedData/MapxusHsitpExample-hftnszasrrpmobbpaeqzchceshkw/Build/Intermediates.noindex/Pods.build/Debug-iphonesimulator/hermes-engine.build/Script-46EB2E000213F0.sh
Selected xcframework slice ios-arm64_x86_64-simulator
rsync --delete -av --filter P .*.?????? --links --filter "- CVS/" --filter "- .svn/" --filter "- .git/" --filter "- .hg/" "/Users/dev01/react-mapxus/mapxus-hsitp/example/ios/Pods/hermes-engine/destroot/Library/Frameworks/universal/hermes.xcframework/ios-arm64_x86_64-simulator/*" "/Users/dev01/Library/Developer/Xcode/DerivedData/MapxusHsitpExample-hftnszasrrpmobbpaeqzchceshkw/Build/Products/Debug-iphonesimulator/XCFrameworkIntermediates/hermes-engine/Pre-built"
Transfer starting: 3 files

sent 251 bytes  received 20 bytes  44426 bytes/sec
total size is 13801546  speedup is 50928.03
Copied /Users/dev01/react-mapxus/mapxus-hsitp/example/ios/Pods/hermes-engine/destroot/Library/Frameworks/universal/hermes.xcframework/ios-arm64_x86_64-simulator to /Users/dev01/Library/Developer/Xcode/DerivedData/MapxusHsitpExample-hftnszasrrpmobbpaeqzchceshkw/Build/Products/Debug-iphonesimulator/XCFrameworkIntermediates/hermes-engine/Pre-built

WriteAuxiliaryFile /Users/dev01/Library/Developer/Xcode/DerivedData/MapxusHsitpExample-hftnszasrrpmobbpaeqzchceshkw/Build/Intermediates.noindex/Pods.build/Debug-iphonesimulator/React-Core.build/Objects-normal/x86_64/e6072d4f65d7061329687fe24e3d63a7-common-args.resp (in target 'React-Core' from project 'Pods')
    cd /Users/dev01/react-mapxus/mapxus-hsitp/example/ios/Pods
    write-file /Users/dev01/Library/Developer/Xcode/DerivedData/MapxusHsitpExample-hftnszasrrpmobbpaeqzchceshkw/Build/Intermediates.noindex/Pods.build/Debug-iphonesimulator/React-Core.build/Objects-normal/x86_64/e6072d4f65d7061329687fe24e3d63a7-common-args.resp
-target x86_64-apple-ios15.1-simulator '-std=gnu11' -fobjc-arc -fmodules '-fmodules-cache-path=/Users/dev01/Library/Developer/Xcode/DerivedData/ModuleCache.noindex' '-fmodule-name=React' -fpascal-strings -O0 -fno-common '-DPOD_CONFIGURATION_DEBUG=1' '-DDEBUG=1' '-DCOCOAPODS=1' '-DRCT_METRO_PORT=' '-DOBJC_OLD_DISPATCH_PROTOTYPES=0' -isysroot /Applications/Xcode.app/Contents/Developer/Platforms/iPhoneSimulator.platform/Developer/SDKs/iPhoneSimulator18.2.sdk -fasm-blocks -g '-fobjc-abi-version=2' -fobjc-legacy-dispatch -iquote /Users/dev01/Library/Developer/Xcode/DerivedData/MapxusHsitpExample-hftnszasrrpmobbpaeqzchceshkw/Build/Intermediates.noindex/Pods.build/Debug-iphonesimulator/React-Core.build/React-Core-generated-files.hmap -I/Users/dev01/Library/Developer/Xcode/DerivedData/MapxusHsitpExample-hftnszasrrpmobbpaeqzchceshkw/Build/Intermediates.noindex/Pods.build/Debug-iphonesimulator/React-Core.build/React-Core-own-target-headers.hmap -I/Users/dev01/Library/Developer/Xcode/DerivedData/MapxusHsitpExample-hftnszasrrpmobbpaeqzchceshkw/Build/Intermediates.noindex/Pods.build/Debug-iphonesimulator/React-Core.build/React-Core-all-non-framework-target-headers.hmap -ivfsoverlay /Users/dev01/Library/Developer/Xcode/DerivedData/MapxusHsitpExample-hftnszasrrpmobbpaeqzchceshkw/Build/Intermediates.noindex/Pods.build/Debug-iphonesimulator/Pods-8699adb1dd336b26511df848a716bd42-VFS-iphonesimulator/all-product-headers.yaml -iquote /Users/dev01/Library/Developer/Xcode/DerivedData/MapxusHsitpExample-hftnszasrrpmobbpaeqzchceshkw/Build/Intermediates.noindex/Pods.build/Debug-iphonesimulator/React-Core.build/React-Core-project-headers.hmap -I/Users/dev01/Library/Developer/Xcode/DerivedData/MapxusHsitpExample-hftnszasrrpmobbpaeqzchceshkw/Build/Products/Debug-iphonesimulator/React-Core/include -I/Users/dev01/react-mapxus/mapxus-hsitp/example/ios/Pods/Headers/Private -I/Users/dev01/react-mapxus/mapxus-hsitp/example/ios/Pods/Headers/Private/React-Core -I/Users/dev01/react-mapxus/mapxus-hsitp/example/ios/Pods/Headers/Public -I/Users/dev01/react-mapxus/mapxus-hsitp/example/ios/Pods/Headers/Public/DoubleConversion -I/Users/dev01/react-mapxus/mapxus-hsitp/example/ios/Pods/Headers/Public/RCT-Folly -I/Users/dev01/react-mapxus/mapxus-hsitp/example/ios/Pods/Headers/Public/React-Core -I/Users/dev01/react-mapxus/mapxus-hsitp/example/ios/Pods/Headers/Public/React-callinvoker -I/Users/dev01/react-mapxus/mapxus-hsitp/example/ios/Pods/Headers/Public/React-cxxreact -I/Users/dev01/react-mapxus/mapxus-hsitp/example/ios/Pods/Headers/Public/React-debug -I/Users/dev01/react-mapxus/mapxus-hsitp/example/ios/Pods/Headers/Public/React-featureflags -I/Users/dev01/react-mapxus/mapxus-hsitp/example/ios/Pods/Headers/Public/React-hermes -I/Users/dev01/react-mapxus/mapxus-hsitp/example/ios/Pods/Headers/Public/React-jsi -I/Users/dev01/react-mapxus/mapxus-hsitp/example/ios/Pods/Headers/Public/React-jsiexecutor -I/Users/dev01/react-mapxus/mapxus-hsitp/example/ios/Pods/Headers/Public/React-jsinspector -I/Users/dev01/react-mapxus/mapxus-hsitp/example/ios/Pods/Headers/Public/React-jsinspectorcdp -I/Users/dev01/react-mapxus/mapxus-hsitp/example/ios/Pods/Headers/Public/React-jsinspectornetwork -I/Users/dev01/react-mapxus/mapxus-hsitp/example/ios/Pods/Headers/Public/React-jsinspectortracing -I/Users/dev01/react-mapxus/mapxus-hsitp/example/ios/Pods/Headers/Public/React-jsitooling -I/Users/dev01/react-mapxus/mapxus-hsitp/example/ios/Pods/Headers/Public/React-logger -I/Users/dev01/react-mapxus/mapxus-hsitp/example/ios/Pods/Headers/Public/React-oscompat -I/Users/dev01/react-mapxus/mapxus-hsitp/example/ios/Pods/Headers/Public/React-perflogger -I/Users/dev01/react-mapxus/mapxus-hsitp/example/ios/Pods/Headers/Public/React-performancetimeline -I/Users/dev01/react-mapxus/mapxus-hsitp/example/ios/Pods/Headers/Public/React-rendererconsistency -I/Users/dev01/react-mapxus/mapxus-hsitp/example/ios/Pods/Headers/Public/React-rendererdebug -I/Users/dev01/react-mapxus/mapxus-hsitp/example/ios/Pods/Headers/Public/React-runtimeexecutor -I/Users/dev01/react-mapxus/mapxus-hsitp/example/ios/Pods/Headers/Public/React-runtimescheduler -I/Users/dev01/react-mapxus/mapxus-hsitp/example/ios/Pods/Headers/Public/React-timing -I/Users/dev01/react-mapxus/mapxus-hsitp/example/ios/Pods/Headers/Public/React-utils -I/Users/dev01/react-mapxus/mapxus-hsitp/example/ios/Pods/Headers/Public/Yoga -I/Users/dev01/react-mapxus/mapxus-hsitp/example/ios/Pods/Headers/Public/boost -I/Users/dev01/react-mapxus/mapxus-hsitp/example/ios/Pods/Headers/Public/fast_float -I/Users/dev01/react-mapxus/mapxus-hsitp/example/ios/Pods/Headers/Public/fmt -I/Users/dev01/react-mapxus/mapxus-hsitp/example/ios/Pods/Headers/Public/glog -I/Users/dev01/react-mapxus/mapxus-hsitp/example/ios/Pods/Headers/Public/hermes-engine -I/Users/dev01/react-mapxus/mapxus-hsitp/example/node_modules/react-native/ReactCommon -I/Users/dev01/react-mapxus/mapxus-hsitp/example/ios/Pods/Headers/Public/FlipperKit -I/Users/dev01/react-mapxus/mapxus-hsitp/example/ios/Pods/Headers/Public/ReactCommon -I/Users/dev01/react-mapxus/mapxus-hsitp/example/ios/Pods/Headers/Public/React-hermes -I/Users/dev01/react-mapxus/mapxus-hsitp/example/ios/Pods/Headers/Public/hermes-engine -I/Users/dev01/Library/Developer/Xcode/DerivedData/MapxusHsitpExample-hftnszasrrpmobbpaeqzchceshkw/Build/Products/Debug-iphonesimulator/React-runtimeexecutor/React_runtimeexecutor.framework/Headers -I/Users/dev01/Library/Developer/Xcode/DerivedData/MapxusHsitpExample-hftnszasrrpmobbpaeqzchceshkw/Build/Products/Debug-iphonesimulator/React-runtimeexecutor/React_runtimeexecutor.framework/Headers/platform/ios -I/Users/dev01/Library/Developer/Xcode/DerivedData/MapxusHsitpExample-hftnszasrrpmobbpaeqzchceshkw/Build/Products/Debug-iphonesimulator/React-jsinspector/jsinspector_modern.framework/Headers -I/Users/dev01/Library/Developer/Xcode/DerivedData/MapxusHsitpExample-hftnszasrrpmobbpaeqzchceshkw/Build/Products/Debug-iphonesimulator/React-jsinspectorcdp/jsinspector_moderncdp.framework/Headers -I/Users/dev01/Library/Developer/Xcode/DerivedData/MapxusHsitpExample-hftnszasrrpmobbpaeqzchceshkw/Build/Products/Debug-iphonesimulator/React-jsitooling/JSITooling.framework/Headers -I/Users/dev01/Library/Developer/Xcode/DerivedData/MapxusHsitpExample-hftnszasrrpmobbpaeqzchceshkw/Build/Products/Debug-iphonesimulator/React-utils/React_utils.framework/Headers -I/Users/dev01/Library/Developer/Xcode/DerivedData/MapxusHsitpExample-hftnszasrrpmobbpaeqzchceshkw/Build/Products/Debug-iphonesimulator/React-utils/React_utils.framework/Headers/react/utils/platform/ios -I/Users/dev01/Library/Developer/Xcode/DerivedData/MapxusHsitpExample-hftnszasrrpmobbpaeqzchceshkw/Build/Products/Debug-iphonesimulator/RCTDeprecation/RCTDeprecation.framework/Headers -I/Users/dev01/react-mapxus/mapxus-hsitp/example/ios/Pods/glog -I/Users/dev01/react-mapxus/mapxus-hsitp/example/ios/Pods/boost -I/Users/dev01/react-mapxus/mapxus-hsitp/example/ios/Pods/DoubleConversion -I/Users/dev01/react-mapxus/mapxus-hsitp/example/ios/Pods/fast_float/include -I/Users/dev01/react-mapxus/mapxus-hsitp/example/ios/Pods/fmt/include -I/Users/dev01/react-mapxus/mapxus-hsitp/example/ios/Pods/SocketRocket -I/Users/dev01/react-mapxus/mapxus-hsitp/example/ios/Pods/RCT-Folly -I/Users/dev01/Library/Developer/Xcode/DerivedData/MapxusHsitpExample-hftnszasrrpmobbpaeqzchceshkw/Build/Intermediates.noindex/Pods.build/Debug-iphonesimulator/React-Core.build/DerivedSources-normal/x86_64 -I/Users/dev01/Library/Developer/Xcode/DerivedData/MapxusHsitpExample-hftnszasrrpmobbpaeqzchceshkw/Build/Intermediates.noindex/Pods.build/Debug-iphonesimulator/React-Core.build/DerivedSources/x86_64 -I/Users/dev01/Library/Developer/Xcode/DerivedData/MapxusHsitpExample-hftnszasrrpmobbpaeqzchceshkw/Build/Intermediates.noindex/Pods.build/Debug-iphonesimulator/React-Core.build/DerivedSources -F/Users/dev01/Library/Developer/Xcode/DerivedData/MapxusHsitpExample-hftnszasrrpmobbpaeqzchceshkw/Build/Products/Debug-iphonesimulator/React-Core -F/Users/dev01/react-mapxus/mapxus-hsitp/example/ios/Pods/hermes-engine/destroot/Library/Frameworks/universal -F/Users/dev01/Library/Developer/Xcode/DerivedData/MapxusHsitpExample-hftnszasrrpmobbpaeqzchceshkw/Build/Products/Debug-iphonesimulator/XCFrameworkIntermediates/hermes-engine/Pre-built -F/Users/dev01/Library/Developer/Xcode/DerivedData/MapxusHsitpExample-hftnszasrrpmobbpaeqzchceshkw/Build/Products/Debug-iphonesimulator/React-hermes '-fmodule-map-file=/Users/dev01/react-mapxus/mapxus-hsitp/example/ios/Pods/Headers/Public/DoubleConversion/DoubleConversion.modulemap' '-fmodule-map-file=/Users/dev01/react-mapxus/mapxus-hsitp/example/ios/Pods/Headers/Public/RCTDeprecation/RCTDeprecation.modulemap' '-fmodule-map-file=/Users/dev01/react-mapxus/mapxus-hsitp/example/ios/Pods/Headers/Public/React_runtimeexecutor/React-runtimeexecutor.modulemap' '-fmodule-map-file=/Users/dev01/react-mapxus/mapxus-hsitp/example/ios/Pods/Headers/Public/SocketRocket/SocketRocket.modulemap' '-fmodule-map-file=/Users/dev01/react-mapxus/mapxus-hsitp/example/ios/Pods/Headers/Public/fmt/fmt.modulemap' '-fmodule-map-file=/Users/dev01/react-mapxus/mapxus-hsitp/example/ios/Pods/Headers/Public/folly/RCT-Folly.modulemap' '-fmodule-map-file=/Users/dev01/react-mapxus/mapxus-hsitp/example/ios/Pods/Headers/Public/glog/glog.modulemap' '-fmodule-map-file=/Users/dev01/react-mapxus/mapxus-hsitp/example/ios/Pods/Headers/Public/jsi/React-jsi.modulemap' '-fmodule-map-file=/Users/dev01/react-mapxus/mapxus-hsitp/example/ios/Pods/Headers/Public/jsinspector_modern/React-jsinspector.modulemap' '-fmodule-map-file=/Users/dev01/react-mapxus/mapxus-hsitp/example/ios/Pods/Headers/Public/jsinspector_modern_cdp/React-jsinspectorcdp.modulemap' '-fmodule-map-file=/Users/dev01/react-mapxus/mapxus-hsitp/example/ios/Pods/Headers/Public/jsinspector_modern_network/React-jsinspectornetwork.modulemap' '-fmodule-map-file=/Users/dev01/react-mapxus/mapxus-hsitp/example/ios/Pods/Headers/Public/jsinspector_modern_tracing/React-jsinspectortracing.modulemap' '-fmodule-map-file=/Users/dev01/react-mapxus/mapxus-hsitp/example/ios/Pods/Headers/Public/react_debug/React-debug.modulemap' '-fmodule-map-file=/Users/dev01/react-mapxus/mapxus-hsitp/example/ios/Pods/Headers/Public/react_featureflags/React-featureflags.modulemap' '-fmodule-map-file=/Users/dev01/react-mapxus/mapxus-hsitp/example/ios/Pods/Headers/Public/react_renderer_debug/React-rendererdebug.modulemap' '-fmodule-map-file=/Users/dev01/react-mapxus/mapxus-hsitp/example/ios/Pods/Headers/Public/react_runtime/React-jsitooling.modulemap' '-fmodule-map-file=/Users/dev01/react-mapxus/mapxus-hsitp/example/ios/Pods/Headers/Public/react_utils/React-utils.modulemap' '-fmodule-map-file=/Users/dev01/react-mapxus/mapxus-hsitp/example/ios/Pods/Headers/Public/reacthermes/React-hermes.modulemap' '-fmodule-map-file=/Users/dev01/react-mapxus/mapxus-hsitp/example/ios/Pods/Headers/Public/yoga/Yoga.modulemap'
CompileC /Users/dev01/Library/Developer/Xcode/DerivedData/MapxusHsitpExample-hftnszasrrpmobbpaeqzchceshkw/Build/Intermediates.noindex/Pods.build/Debug-iphonesimulator/React-Core.build/Objects-normal/x86_64/NSDataBigString.o /Users/dev01/react-mapxus/mapxus-hsitp/example/node_modules/react-native/React/CxxBridge/NSDataBigString.mm normal x86_64 objective-c++ com.apple.compilers.llvm.clang.1_0.compiler (in target 'React-Core' from project 'Pods')
    cd /Users/dev01/react-mapxus/mapxus-hsitp/example/ios/Pods
    
    Using response file: /Users/dev01/Library/Developer/Xcode/DerivedData/MapxusHsitpExample-hftnszasrrpmobbpaeqzchceshkw/Build/Intermediates.noindex/Pods.build/Debug-iphonesimulator/React-Core.build/Objects-normal/x86_64/af3fcb34312c57c0f52879cdce924b91-common-args.resp
    
    /Applications/Xcode.app/Contents/Developer/Toolchains/XcodeDefault.xctoolchain/usr/bin/clang -x objective-c++ -ivfsstatcache /Users/dev01/Library/Developer/Xcode/DerivedData/SDKStatCaches.noindex/iphonesimulator18.2-22C146-07b28473f605e47e75261259d3ef3b5a.sdkstatcache -fmessage-length\=0 -fdiagnostics-show-note-include-stack -fmacro-backtrace-limit\=0 -fno-color-diagnostics -fmodules-prune-interval\=86400 -fmodules-prune-after\=345600 -fbuild-session-file\=/Users/dev01/Library/Developer/Xcode/DerivedData/ModuleCache.noindex/Session.modulevalidation -fmodules-validate-once-per-build-session -Wnon-modular-include-in-framework-module -Werror\=non-modular-include-in-framework-module -Wno-trigraphs -Wno-missing-field-initializers -Wno-missing-prototypes -Werror\=return-type -Wdocumentation -Wunreachable-code -Wno-implicit-atomic-properties -Werror\=deprecated-objc-isa-usage -Wno-objc-interface-ivars -Werror\=objc-root-class -Wno-arc-repeated-use-of-weak -Wimplicit-retain-self -Wno-non-virtual-dtor -Wno-overloaded-virtual -Wno-exit-time-destructors -Wduplicate-method-match -Wno-missing-braces -Wparentheses -Wswitch -Wunused-function -Wno-unused-label -Wno-unused-parameter -Wunused-variable -Wunused-value -Wempty-body -Wuninitialized -Wconditional-uninitialized -Wno-unknown-pragmas -Wno-shadow -Wno-four-char-constants -Wno-conversion -Wconstant-conversion -Wint-conversion -Wbool-conversion -Wenum-conversion -Wno-float-conversion -Wnon-literal-null-conversion -Wobjc-literal-conversion -Wshorten-64-to-32 -Wno-newline-eof -Wno-selector -Wno-strict-selector-match -Wundeclared-selector -Wdeprecated-implementations -Wno-c++11-extensions -Wno-implicit-fallthrough -fstrict-aliasing -Wprotocol -Wdeprecated-declarations -Winvalid-offsetof -Wno-sign-conversion -Winfinite-recursion -Wmove -Wcomma -Wblock-capture-autoreleasing -Wstrict-prototypes -Wrange-loop-analysis -Wno-semicolon-before-method-body -Wunguarded-availability -index-store-path /Users/dev01/Library/Developer/Xcode/DerivedData/MapxusHsitpExample-hftnszasrrpmobbpaeqzchceshkw/Index.noindex/DataStore @/Users/dev01/Library/Developer/Xcode/DerivedData/MapxusHsitpExample-hftnszasrrpmobbpaeqzchceshkw/Build/Intermediates.noindex/Pods.build/Debug-iphonesimulator/React-Core.build/Objects-normal/x86_64/af3fcb34312c57c0f52879cdce924b91-common-args.resp -DUSE_HERMES\=1 -include /Users/dev01/react-mapxus/mapxus-hsitp/example/ios/Pods/Target\ Support\ Files/React-Core/React-Core-prefix.pch -MMD -MT dependencies -MF /Users/dev01/Library/Developer/Xcode/DerivedData/MapxusHsitpExample-hftnszasrrpmobbpaeqzchceshkw/Build/Intermediates.noindex/Pods.build/Debug-iphonesimulator/React-Core.build/Objects-normal/x86_64/NSDataBigString.d --serialize-diagnostics /Users/dev01/Library/Developer/Xcode/DerivedData/MapxusHsitpExample-hftnszasrrpmobbpaeqzchceshkw/Build/Intermediates.noindex/Pods.build/Debug-iphonesimulator/React-Core.build/Objects-normal/x86_64/NSDataBigString.dia -c /Users/dev01/react-mapxus/mapxus-hsitp/example/node_modules/react-native/React/CxxBridge/NSDataBigString.mm -o /Users/dev01/Library/Developer/Xcode/DerivedData/MapxusHsitpExample-hftnszasrrpmobbpaeqzchceshkw/Build/Intermediates.noindex/Pods.build/Debug-iphonesimulator/React-Core.build/Objects-normal/x86_64/NSDataBigString.o -index-unit-output-path /Pods.build/Debug-iphonesimulator/React-Core.build/Objects-normal/x86_64/NSDataBigString.o

ScanDependencies /Users/dev01/Library/Developer/Xcode/DerivedData/MapxusHsitpExample-hftnszasrrpmobbpaeqzchceshkw/Build/Intermediates.noindex/Pods.build/Debug-iphonesimulator/React-Core.build/Objects-normal/x86_64/RCTActivityIndicatorView.o /Users/dev01/react-mapxus/mapxus-hsitp/example/node_modules/react-native/React/Views/RCTActivityIndicatorView.m normal x86_64 objective-c com.apple.compilers.llvm.clang.1_0.compiler (in target 'React-Core' from project 'Pods')
    cd /Users/dev01/react-mapxus/mapxus-hsitp/example/ios/Pods
    
    Using response file: /Users/dev01/Library/Developer/Xcode/DerivedData/MapxusHsitpExample-hftnszasrrpmobbpaeqzchceshkw/Build/Intermediates.noindex/Pods.build/Debug-iphonesimulator/React-Core.build/Objects-normal/x86_64/e6072d4f65d7061329687fe24e3d63a7-common-args.resp
    
    builtin-ScanDependencies -o /Users/dev01/Library/Developer/Xcode/DerivedData/MapxusHsitpExample-hftnszasrrpmobbpaeqzchceshkw/Build/Intermediates.noindex/Pods.build/Debug-iphonesimulator/React-Core.build/Objects-normal/x86_64/RCTActivityIndicatorView.o.scan -- /Applications/Xcode.app/Contents/Developer/Toolchains/XcodeDefault.xctoolchain/usr/bin/clang -x objective-c -ivfsstatcache /Users/dev01/Library/Developer/Xcode/DerivedData/SDKStatCaches.noindex/iphonesimulator18.2-22C146-07b28473f605e47e75261259d3ef3b5a.sdkstatcache -fmessage-length\=0 -fdiagnostics-show-note-include-stack -fmacro-backtrace-limit\=0 -fno-color-diagnostics -fmodules-prune-interval\=86400 -fmodules-prune-after\=345600 -fbuild-session-file\=/Users/dev01/Library/Developer/Xcode/DerivedData/ModuleCache.noindex/Session.modulevalidation -fmodules-validate-once-per-build-session -Wnon-modular-include-in-framework-module -Werror\=non-modular-include-in-framework-module -Wno-trigraphs -Wno-missing-field-initializers -Wno-missing-prototypes -Werror\=return-type -Wdocumentation -Wunreachable-code -Wno-implicit-atomic-properties -Werror\=deprecated-objc-isa-usage -Wno-objc-interface-ivars -Werror\=objc-root-class -Wno-arc-repeated-use-of-weak -Wimplicit-retain-self -Wduplicate-method-match -Wno-missing-braces -Wparentheses -Wswitch -Wunused-function -Wno-unused-label -Wno-unused-parameter -Wunused-variable -Wunused-value -Wempty-body -Wuninitialized -Wconditional-uninitialized -Wno-unknown-pragmas -Wno-shadow -Wno-four-char-constants -Wno-conversion -Wconstant-conversion -Wint-conversion -Wbool-conversion -Wenum-conversion -Wno-float-conversion -Wnon-literal-null-conversion -Wobjc-literal-conversion -Wshorten-64-to-32 -Wpointer-sign -Wno-newline-eof -Wno-selector -Wno-strict-selector-match -Wundeclared-selector -Wdeprecated-implementations -Wno-implicit-fallthrough -fstrict-aliasing -Wprotocol -Wdeprecated-declarations -Wno-sign-conversion -Winfinite-recursion -Wcomma -Wblock-capture-autoreleasing -Wstrict-prototypes -Wno-semicolon-before-method-body -Wunguarded-availability -index-store-path /Users/dev01/Library/Developer/Xcode/DerivedData/MapxusHsitpExample-hftnszasrrpmobbpaeqzchceshkw/Index.noindex/DataStore @/Users/dev01/Library/Developer/Xcode/DerivedData/MapxusHsitpExample-hftnszasrrpmobbpaeqzchceshkw/Build/Intermediates.noindex/Pods.build/Debug-iphonesimulator/React-Core.build/Objects-normal/x86_64/e6072d4f65d7061329687fe24e3d63a7-common-args.resp -DUSE_HERMES\=1 -include /Users/dev01/react-mapxus/mapxus-hsitp/example/ios/Pods/Target\ Support\ Files/React-Core/React-Core-prefix.pch -MMD -MT dependencies -MF /Users/dev01/Library/Developer/Xcode/DerivedData/MapxusHsitpExample-hftnszasrrpmobbpaeqzchceshkw/Build/Intermediates.noindex/Pods.build/Debug-iphonesimulator/React-Core.build/Objects-normal/x86_64/RCTActivityIndicatorView.d --serialize-diagnostics /Users/dev01/Library/Developer/Xcode/DerivedData/MapxusHsitpExample-hftnszasrrpmobbpaeqzchceshkw/Build/Intermediates.noindex/Pods.build/Debug-iphonesimulator/React-Core.build/Objects-normal/x86_64/RCTActivityIndicatorView.dia -c /Users/dev01/react-mapxus/mapxus-hsitp/example/node_modules/react-native/React/Views/RCTActivityIndicatorView.m -o /Users/dev01/Library/Developer/Xcode/DerivedData/MapxusHsitpExample-hftnszasrrpmobbpaeqzchceshkw/Build/Intermediates.noindex/Pods.build/Debug-iphonesimulator/React-Core.build/Objects-normal/x86_64/RCTActivityIndicatorView.o -index-unit-output-path /Pods.build/Debug-iphonesimulator/React-Core.build/Objects-normal/x86_64/RCTActivityIndicatorView.o

ScanDependencies /Users/dev01/Library/Developer/Xcode/DerivedData/MapxusHsitpExample-hftnszasrrpmobbpaeqzchceshkw/Build/Intermediates.noindex/Pods.build/Debug-iphonesimulator/React-Core.build/Objects-normal/x86_64/RCTAssert.o /Users/dev01/react-mapxus/mapxus-hsitp/example/node_modules/react-native/React/Base/RCTAssert.m normal x86_64 objective-c com.apple.compilers.llvm.clang.1_0.compiler (in target 'React-Core' from project 'Pods')
    cd /Users/dev01/react-mapxus/mapxus-hsitp/example/ios/Pods
    
    Using response file: /Users/dev01/Library/Developer/Xcode/DerivedData/MapxusHsitpExample-hftnszasrrpmobbpaeqzchceshkw/Build/Intermediates.noindex/Pods.build/Debug-iphonesimulator/React-Core.build/Objects-normal/x86_64/e6072d4f65d7061329687fe24e3d63a7-common-args.resp
    
    builtin-ScanDependencies -o /Users/dev01/Library/Developer/Xcode/DerivedData/MapxusHsitpExample-hftnszasrrpmobbpaeqzchceshkw/Build/Intermediates.noindex/Pods.build/Debug-iphonesimulator/React-Core.build/Objects-normal/x86_64/RCTAssert.o.scan -- /Applications/Xcode.app/Contents/Developer/Toolchains/XcodeDefault.xctoolchain/usr/bin/clang -x objective-c -ivfsstatcache /Users/dev01/Library/Developer/Xcode/DerivedData/SDKStatCaches.noindex/iphonesimulator18.2-22C146-07b28473f605e47e75261259d3ef3b5a.sdkstatcache -fmessage-length\=0 -fdiagnostics-show-note-include-stack -fmacro-backtrace-limit\=0 -fno-color-diagnostics -fmodules-prune-interval\=86400 -fmodules-prune-after\=345600 -fbuild-session-file\=/Users/dev01/Library/Developer/Xcode/DerivedData/ModuleCache.noindex/Session.modulevalidation -fmodules-validate-once-per-build-session -Wnon-modular-include-in-framework-module -Werror\=non-modular-include-in-framework-module -Wno-trigraphs -Wno-missing-field-initializers -Wno-missing-prototypes -Werror\=return-type -Wdocumentation -Wunreachable-code -Wno-implicit-atomic-properties -Werror\=deprecated-objc-isa-usage -Wno-objc-interface-ivars -Werror\=objc-root-class -Wno-arc-repeated-use-of-weak -Wimplicit-retain-self -Wduplicate-method-match -Wno-missing-braces -Wparentheses -Wswitch -Wunused-function -Wno-unused-label -Wno-unused-parameter -Wunused-variable -Wunused-value -Wempty-body -Wuninitialized -Wconditional-uninitialized -Wno-unknown-pragmas -Wno-shadow -Wno-four-char-constants -Wno-conversion -Wconstant-conversion -Wint-conversion -Wbool-conversion -Wenum-conversion -Wno-float-conversion -Wnon-literal-null-conversion -Wobjc-literal-conversion -Wshorten-64-to-32 -Wpointer-sign -Wno-newline-eof -Wno-selector -Wno-strict-selector-match -Wundeclared-selector -Wdeprecated-implementations -Wno-implicit-fallthrough -fstrict-aliasing -Wprotocol -Wdeprecated-declarations -Wno-sign-conversion -Winfinite-recursion -Wcomma -Wblock-capture-autoreleasing -Wstrict-prototypes -Wno-semicolon-before-method-body -Wunguarded-availability -index-store-path /Users/dev01/Library/Developer/Xcode/DerivedData/MapxusHsitpExample-hftnszasrrpmobbpaeqzchceshkw/Index.noindex/DataStore @/Users/dev01/Library/Developer/Xcode/DerivedData/MapxusHsitpExample-hftnszasrrpmobbpaeqzchceshkw/Build/Intermediates.noindex/Pods.build/Debug-iphonesimulator/React-Core.build/Objects-normal/x86_64/e6072d4f65d7061329687fe24e3d63a7-common-args.resp -DUSE_HERMES\=1 -include /Users/dev01/react-mapxus/mapxus-hsitp/example/ios/Pods/Target\ Support\ Files/React-Core/React-Core-prefix.pch -MMD -MT dependencies -MF /Users/dev01/Library/Developer/Xcode/DerivedData/MapxusHsitpExample-hftnszasrrpmobbpaeqzchceshkw/Build/Intermediates.noindex/Pods.build/Debug-iphonesimulator/React-Core.build/Objects-normal/x86_64/RCTAssert.d --serialize-diagnostics /Users/dev01/Library/Developer/Xcode/DerivedData/MapxusHsitpExample-hftnszasrrpmobbpaeqzchceshkw/Build/Intermediates.noindex/Pods.build/Debug-iphonesimulator/React-Core.build/Objects-normal/x86_64/RCTAssert.dia -c /Users/dev01/react-mapxus/mapxus-hsitp/example/node_modules/react-native/React/Base/RCTAssert.m -o /Users/dev01/Library/Developer/Xcode/DerivedData/MapxusHsitpExample-hftnszasrrpmobbpaeqzchceshkw/Build/Intermediates.noindex/Pods.build/Debug-iphonesimulator/React-Core.build/Objects-normal/x86_64/RCTAssert.o -index-unit-output-path /Pods.build/Debug-iphonesimulator/React-Core.build/Objects-normal/x86_64/RCTAssert.o

ScanDependencies /Users/dev01/Library/Developer/Xcode/DerivedData/MapxusHsitpExample-hftnszasrrpmobbpaeqzchceshkw/Build/Intermediates.noindex/Pods.build/Debug-iphonesimulator/React-Core.build/Objects-normal/x86_64/RCTBorderDrawing.o /Users/dev01/react-mapxus/mapxus-hsitp/example/node_modules/react-native/React/Views/RCTBorderDrawing.m normal x86_64 objective-c com.apple.compilers.llvm.clang.1_0.compiler (in target 'React-Core' from project 'Pods')
    cd /Users/dev01/react-mapxus/mapxus-hsitp/example/ios/Pods
    
    Using response file: /Users/dev01/Library/Developer/Xcode/DerivedData/MapxusHsitpExample-hftnszasrrpmobbpaeqzchceshkw/Build/Intermediates.noindex/Pods.build/Debug-iphonesimulator/React-Core.build/Objects-normal/x86_64/e6072d4f65d7061329687fe24e3d63a7-common-args.resp
    
    builtin-ScanDependencies -o /Users/dev01/Library/Developer/Xcode/DerivedData/MapxusHsitpExample-hftnszasrrpmobbpaeqzchceshkw/Build/Intermediates.noindex/Pods.build/Debug-iphonesimulator/React-Core.build/Objects-normal/x86_64/RCTBorderDrawing.o.scan -- /Applications/Xcode.app/Contents/Developer/Toolchains/XcodeDefault.xctoolchain/usr/bin/clang -x objective-c -ivfsstatcache /Users/dev01/Library/Developer/Xcode/DerivedData/SDKStatCaches.noindex/iphonesimulator18.2-22C146-07b28473f605e47e75261259d3ef3b5a.sdkstatcache -fmessage-length\=0 -fdiagnostics-show-note-include-stack -fmacro-backtrace-limit\=0 -fno-color-diagnostics -fmodules-prune-interval\=86400 -fmodules-prune-after\=345600 -fbuild-session-file\=/Users/dev01/Library/Developer/Xcode/DerivedData/ModuleCache.noindex/Session.modulevalidation -fmodules-validate-once-per-build-session -Wnon-modular-include-in-framework-module -Werror\=non-modular-include-in-framework-module -Wno-trigraphs -Wno-missing-field-initializers -Wno-missing-prototypes -Werror\=return-type -Wdocumentation -Wunreachable-code -Wno-implicit-atomic-properties -Werror\=deprecated-objc-isa-usage -Wno-objc-interface-ivars -Werror\=objc-root-class -Wno-arc-repeated-use-of-weak -Wimplicit-retain-self -Wduplicate-method-match -Wno-missing-braces -Wparentheses -Wswitch -Wunused-function -Wno-unused-label -Wno-unused-parameter -Wunused-variable -Wunused-value -Wempty-body -Wuninitialized -Wconditional-uninitialized -Wno-unknown-pragmas -Wno-shadow -Wno-four-char-constants -Wno-conversion -Wconstant-conversion -Wint-conversion -Wbool-conversion -Wenum-conversion -Wno-float-conversion -Wnon-literal-null-conversion -Wobjc-literal-conversion -Wshorten-64-to-32 -Wpointer-sign -Wno-newline-eof -Wno-selector -Wno-strict-selector-match -Wundeclared-selector -Wdeprecated-implementations -Wno-implicit-fallthrough -fstrict-aliasing -Wprotocol -Wdeprecated-declarations -Wno-sign-conversion -Winfinite-recursion -Wcomma -Wblock-capture-autoreleasing -Wstrict-prototypes -Wno-semicolon-before-method-body -Wunguarded-availability -index-store-path /Users/dev01/Library/Developer/Xcode/DerivedData/MapxusHsitpExample-hftnszasrrpmobbpaeqzchceshkw/Index.noindex/DataStore @/Users/dev01/Library/Developer/Xcode/DerivedData/MapxusHsitpExample-hftnszasrrpmobbpaeqzchceshkw/Build/Intermediates.noindex/Pods.build/Debug-iphonesimulator/React-Core.build/Objects-normal/x86_64/e6072d4f65d7061329687fe24e3d63a7-common-args.resp -DUSE_HERMES\=1 -include /Users/dev01/react-mapxus/mapxus-hsitp/example/ios/Pods/Target\ Support\ Files/React-Core/React-Core-prefix.pch -MMD -MT dependencies -MF /Users/dev01/Library/Developer/Xcode/DerivedData/MapxusHsitpExample-hftnszasrrpmobbpaeqzchceshkw/Build/Intermediates.noindex/Pods.build/Debug-iphonesimulator/React-Core.build/Objects-normal/x86_64/RCTBorderDrawing.d --serialize-diagnostics /Users/dev01/Library/Developer/Xcode/DerivedData/MapxusHsitpExample-hftnszasrrpmobbpaeqzchceshkw/Build/Intermediates.noindex/Pods.build/Debug-iphonesimulator/React-Core.build/Objects-normal/x86_64/RCTBorderDrawing.dia -c /Users/dev01/react-mapxus/mapxus-hsitp/example/node_modules/react-native/React/Views/RCTBorderDrawing.m -o /Users/dev01/Library/Developer/Xcode/DerivedData/MapxusHsitpExample-hftnszasrrpmobbpaeqzchceshkw/Build/Intermediates.noindex/Pods.build/Debug-iphonesimulator/React-Core.build/Objects-normal/x86_64/RCTBorderDrawing.o -index-unit-output-path /Pods.build/Debug-iphonesimulator/React-Core.build/Objects-normal/x86_64/RCTBorderDrawing.o

ScanDependencies /Users/dev01/Library/Developer/Xcode/DerivedData/MapxusHsitpExample-hftnszasrrpmobbpaeqzchceshkw/Build/Intermediates.noindex/Pods.build/Debug-iphonesimulator/React-Core.build/Objects-normal/x86_64/RCTBridgeModuleDecorator.o /Users/dev01/react-mapxus/mapxus-hsitp/example/node_modules/react-native/React/Base/RCTBridgeModuleDecorator.m normal x86_64 objective-c com.apple.compilers.llvm.clang.1_0.compiler (in target 'React-Core' from project 'Pods')
    cd /Users/dev01/react-mapxus/mapxus-hsitp/example/ios/Pods
    
    Using response file: /Users/dev01/Library/Developer/Xcode/DerivedData/MapxusHsitpExample-hftnszasrrpmobbpaeqzchceshkw/Build/Intermediates.noindex/Pods.build/Debug-iphonesimulator/React-Core.build/Objects-normal/x86_64/e6072d4f65d7061329687fe24e3d63a7-common-args.resp
    
    builtin-ScanDependencies -o /Users/dev01/Library/Developer/Xcode/DerivedData/MapxusHsitpExample-hftnszasrrpmobbpaeqzchceshkw/Build/Intermediates.noindex/Pods.build/Debug-iphonesimulator/React-Core.build/Objects-normal/x86_64/RCTBridgeModuleDecorator.o.scan -- /Applications/Xcode.app/Contents/Developer/Toolchains/XcodeDefault.xctoolchain/usr/bin/clang -x objective-c -ivfsstatcache /Users/dev01/Library/Developer/Xcode/DerivedData/SDKStatCaches.noindex/iphonesimulator18.2-22C146-07b28473f605e47e75261259d3ef3b5a.sdkstatcache -fmessage-length\=0 -fdiagnostics-show-note-include-stack -fmacro-backtrace-limit\=0 -fno-color-diagnostics -fmodules-prune-interval\=86400 -fmodules-prune-after\=345600 -fbuild-session-file\=/Users/dev01/Library/Developer/Xcode/DerivedData/ModuleCache.noindex/Session.modulevalidation -fmodules-validate-once-per-build-session -Wnon-modular-include-in-framework-module -Werror\=non-modular-include-in-framework-module -Wno-trigraphs -Wno-missing-field-initializers -Wno-missing-prototypes -Werror\=return-type -Wdocumentation -Wunreachable-code -Wno-implicit-atomic-properties -Werror\=deprecated-objc-isa-usage -Wno-objc-interface-ivars -Werror\=objc-root-class -Wno-arc-repeated-use-of-weak -Wimplicit-retain-self -Wduplicate-method-match -Wno-missing-braces -Wparentheses -Wswitch -Wunused-function -Wno-unused-label -Wno-unused-parameter -Wunused-variable -Wunused-value -Wempty-body -Wuninitialized -Wconditional-uninitialized -Wno-unknown-pragmas -Wno-shadow -Wno-four-char-constants -Wno-conversion -Wconstant-conversion -Wint-conversion -Wbool-conversion -Wenum-conversion -Wno-float-conversion -Wnon-literal-null-conversion -Wobjc-literal-conversion -Wshorten-64-to-32 -Wpointer-sign -Wno-newline-eof -Wno-selector -Wno-strict-selector-match -Wundeclared-selector -Wdeprecated-implementations -Wno-implicit-fallthrough -fstrict-aliasing -Wprotocol -Wdeprecated-declarations -Wno-sign-conversion -Winfinite-recursion -Wcomma -Wblock-capture-autoreleasing -Wstrict-prototypes -Wno-semicolon-before-method-body -Wunguarded-availability -index-store-path /Users/dev01/Library/Developer/Xcode/DerivedData/MapxusHsitpExample-hftnszasrrpmobbpaeqzchceshkw/Index.noindex/DataStore @/Users/dev01/Library/Developer/Xcode/DerivedData/MapxusHsitpExample-hftnszasrrpmobbpaeqzchceshkw/Build/Intermediates.noindex/Pods.build/Debug-iphonesimulator/React-Core.build/Objects-normal/x86_64/e6072d4f65d7061329687fe24e3d63a7-common-args.resp -DUSE_HERMES\=1 -include /Users/dev01/react-mapxus/mapxus-hsitp/example/ios/Pods/Target\ Support\ Files/React-Core/React-Core-prefix.pch -MMD -MT dependencies -MF /Users/dev01/Library/Developer/Xcode/DerivedData/MapxusHsitpExample-hftnszasrrpmobbpaeqzchceshkw/Build/Intermediates.noindex/Pods.build/Debug-iphonesimulator/React-Core.build/Objects-normal/x86_64/RCTBridgeModuleDecorator.d --serialize-diagnostics /Users/dev01/Library/Developer/Xcode/DerivedData/MapxusHsitpExample-hftnszasrrpmobbpaeqzchceshkw/Build/Intermediates.noindex/Pods.build/Debug-iphonesimulator/React-Core.build/Objects-normal/x86_64/RCTBridgeModuleDecorator.dia -c /Users/dev01/react-mapxus/mapxus-hsitp/example/node_modules/react-native/React/Base/RCTBridgeModuleDecorator.m -o /Users/dev01/Library/Developer/Xcode/DerivedData/MapxusHsitpExample-hftnszasrrpmobbpaeqzchceshkw/Build/Intermediates.noindex/Pods.build/Debug-iphonesimulator/React-Core.build/Objects-normal/x86_64/RCTBridgeModuleDecorator.o -index-unit-output-path /Pods.build/Debug-iphonesimulator/React-Core.build/Objects-normal/x86_64/RCTBridgeModuleDecorator.o

ScanDependencies /Users/dev01/Library/Developer/Xcode/DerivedData/MapxusHsitpExample-hftnszasrrpmobbpaeqzchceshkw/Build/Intermediates.noindex/Pods.build/Debug-iphonesimulator/React-Core.build/Objects-normal/x86_64/RCTActivityIndicatorViewManager.o /Users/dev01/react-mapxus/mapxus-hsitp/example/node_modules/react-native/React/Views/RCTActivityIndicatorViewManager.m normal x86_64 objective-c com.apple.compilers.llvm.clang.1_0.compiler (in target 'React-Core' from project 'Pods')
    cd /Users/dev01/react-mapxus/mapxus-hsitp/example/ios/Pods
    
    Using response file: /Users/dev01/Library/Developer/Xcode/DerivedData/MapxusHsitpExample-hftnszasrrpmobbpaeqzchceshkw/Build/Intermediates.noindex/Pods.build/Debug-iphonesimulator/React-Core.build/Objects-normal/x86_64/e6072d4f65d7061329687fe24e3d63a7-common-args.resp
    
    builtin-ScanDependencies -o /Users/dev01/Library/Developer/Xcode/DerivedData/MapxusHsitpExample-hftnszasrrpmobbpaeqzchceshkw/Build/Intermediates.noindex/Pods.build/Debug-iphonesimulator/React-Core.build/Objects-normal/x86_64/RCTActivityIndicatorViewManager.o.scan -- /Applications/Xcode.app/Contents/Developer/Toolchains/XcodeDefault.xctoolchain/usr/bin/clang -x objective-c -ivfsstatcache /Users/dev01/Library/Developer/Xcode/DerivedData/SDKStatCaches.noindex/iphonesimulator18.2-22C146-07b28473f605e47e75261259d3ef3b5a.sdkstatcache -fmessage-length\=0 -fdiagnostics-show-note-include-stack -fmacro-backtrace-limit\=0 -fno-color-diagnostics -fmodules-prune-interval\=86400 -fmodules-prune-after\=345600 -fbuild-session-file\=/Users/dev01/Library/Developer/Xcode/DerivedData/ModuleCache.noindex/Session.modulevalidation -fmodules-validate-once-per-build-session -Wnon-modular-include-in-framework-module -Werror\=non-modular-include-in-framework-module -Wno-trigraphs -Wno-missing-field-initializers -Wno-missing-prototypes -Werror\=return-type -Wdocumentation -Wunreachable-code -Wno-implicit-atomic-properties -Werror\=deprecated-objc-isa-usage -Wno-objc-interface-ivars -Werror\=objc-root-class -Wno-arc-repeated-use-of-weak -Wimplicit-retain-self -Wduplicate-method-match -Wno-missing-braces -Wparentheses -Wswitch -Wunused-function -Wno-unused-label -Wno-unused-parameter -Wunused-variable -Wunused-value -Wempty-body -Wuninitialized -Wconditional-uninitialized -Wno-unknown-pragmas -Wno-shadow -Wno-four-char-constants -Wno-conversion -Wconstant-conversion -Wint-conversion -Wbool-conversion -Wenum-conversion -Wno-float-conversion -Wnon-literal-null-conversion -Wobjc-literal-conversion -Wshorten-64-to-32 -Wpointer-sign -Wno-newline-eof -Wno-selector -Wno-strict-selector-match -Wundeclared-selector -Wdeprecated-implementations -Wno-implicit-fallthrough -fstrict-aliasing -Wprotocol -Wdeprecated-declarations -Wno-sign-conversion -Winfinite-recursion -Wcomma -Wblock-capture-autoreleasing -Wstrict-prototypes -Wno-semicolon-before-method-body -Wunguarded-availability -index-store-path /Users/dev01/Library/Developer/Xcode/DerivedData/MapxusHsitpExample-hftnszasrrpmobbpaeqzchceshkw/Index.noindex/DataStore @/Users/dev01/Library/Developer/Xcode/DerivedData/MapxusHsitpExample-hftnszasrrpmobbpaeqzchceshkw/Build/Intermediates.noindex/Pods.build/Debug-iphonesimulator/React-Core.build/Objects-normal/x86_64/e6072d4f65d7061329687fe24e3d63a7-common-args.resp -DUSE_HERMES\=1 -include /Users/dev01/react-mapxus/mapxus-hsitp/example/ios/Pods/Target\ Support\ Files/React-Core/React-Core-prefix.pch -MMD -MT dependencies -MF /Users/dev01/Library/Developer/Xcode/DerivedData/MapxusHsitpExample-hftnszasrrpmobbpaeqzchceshkw/Build/Intermediates.noindex/Pods.build/Debug-iphonesimulator/React-Core.build/Objects-normal/x86_64/RCTActivityIndicatorViewManager.d --serialize-diagnostics /Users/dev01/Library/Developer/Xcode/DerivedData/MapxusHsitpExample-hftnszasrrpmobbpaeqzchceshkw/Build/Intermediates.noindex/Pods.build/Debug-iphonesimulator/React-Core.build/Objects-normal/x86_64/RCTActivityIndicatorViewManager.dia -c /Users/dev01/react-mapxus/mapxus-hsitp/example/node_modules/react-native/React/Views/RCTActivityIndicatorViewManager.m -o /Users/dev01/Library/Developer/Xcode/DerivedData/MapxusHsitpExample-hftnszasrrpmobbpaeqzchceshkw/Build/Intermediates.noindex/Pods.build/Debug-iphonesimulator/React-Core.build/Objects-normal/x86_64/RCTActivityIndicatorViewManager.o -index-unit-output-path /Pods.build/Debug-iphonesimulator/React-Core.build/Objects-normal/x86_64/RCTActivityIndicatorViewManager.o

ScanDependencies /Users/dev01/Library/Developer/Xcode/DerivedData/MapxusHsitpExample-hftnszasrrpmobbpaeqzchceshkw/Build/Intermediates.noindex/Pods.build/Debug-iphonesimulator/React-Core.build/Objects-normal/x86_64/RCTBridgeConstants.o /Users/dev01/react-mapxus/mapxus-hsitp/example/node_modules/react-native/React/Base/RCTBridgeConstants.m normal x86_64 objective-c com.apple.compilers.llvm.clang.1_0.compiler (in target 'React-Core' from project 'Pods')
    cd /Users/dev01/react-mapxus/mapxus-hsitp/example/ios/Pods
    
    Using response file: /Users/dev01/Library/Developer/Xcode/DerivedData/MapxusHsitpExample-hftnszasrrpmobbpaeqzchceshkw/Build/Intermediates.noindex/Pods.build/Debug-iphonesimulator/React-Core.build/Objects-normal/x86_64/e6072d4f65d7061329687fe24e3d63a7-common-args.resp
    
    builtin-ScanDependencies -o /Users/dev01/Library/Developer/Xcode/DerivedData/MapxusHsitpExample-hftnszasrrpmobbpaeqzchceshkw/Build/Intermediates.noindex/Pods.build/Debug-iphonesimulator/React-Core.build/Objects-normal/x86_64/RCTBridgeConstants.o.scan -- /Applications/Xcode.app/Contents/Developer/Toolchains/XcodeDefault.xctoolchain/usr/bin/clang -x objective-c -ivfsstatcache /Users/dev01/Library/Developer/Xcode/DerivedData/SDKStatCaches.noindex/iphonesimulator18.2-22C146-07b28473f605e47e75261259d3ef3b5a.sdkstatcache -fmessage-length\=0 -fdiagnostics-show-note-include-stack -fmacro-backtrace-limit\=0 -fno-color-diagnostics -fmodules-prune-interval\=86400 -fmodules-prune-after\=345600 -fbuild-session-file\=/Users/dev01/Library/Developer/Xcode/DerivedData/ModuleCache.noindex/Session.modulevalidation -fmodules-validate-once-per-build-session -Wnon-modular-include-in-framework-module -Werror\=non-modular-include-in-framework-module -Wno-trigraphs -Wno-missing-field-initializers -Wno-missing-prototypes -Werror\=return-type -Wdocumentation -Wunreachable-code -Wno-implicit-atomic-properties -Werror\=deprecated-objc-isa-usage -Wno-objc-interface-ivars -Werror\=objc-root-class -Wno-arc-repeated-use-of-weak -Wimplicit-retain-self -Wduplicate-method-match -Wno-missing-braces -Wparentheses -Wswitch -Wunused-function -Wno-unused-label -Wno-unused-parameter -Wunused-variable -Wunused-value -Wempty-body -Wuninitialized -Wconditional-uninitialized -Wno-unknown-pragmas -Wno-shadow -Wno-four-char-constants -Wno-conversion -Wconstant-conversion -Wint-conversion -Wbool-conversion -Wenum-conversion -Wno-float-conversion -Wnon-literal-null-conversion -Wobjc-literal-conversion -Wshorten-64-to-32 -Wpointer-sign -Wno-newline-eof -Wno-selector -Wno-strict-selector-match -Wundeclared-selector -Wdeprecated-implementations -Wno-implicit-fallthrough -fstrict-aliasing -Wprotocol -Wdeprecated-declarations -Wno-sign-conversion -Winfinite-recursion -Wcomma -Wblock-capture-autoreleasing -Wstrict-prototypes -Wno-semicolon-before-method-body -Wunguarded-availability -index-store-path /Users/dev01/Library/Developer/Xcode/DerivedData/MapxusHsitpExample-hftnszasrrpmobbpaeqzchceshkw/Index.noindex/DataStore @/Users/dev01/Library/Developer/Xcode/DerivedData/MapxusHsitpExample-hftnszasrrpmobbpaeqzchceshkw/Build/Intermediates.noindex/Pods.build/Debug-iphonesimulator/React-Core.build/Objects-normal/x86_64/e6072d4f65d7061329687fe24e3d63a7-common-args.resp -DUSE_HERMES\=1 -include /Users/dev01/react-mapxus/mapxus-hsitp/example/ios/Pods/Target\ Support\ Files/React-Core/React-Core-prefix.pch -MMD -MT dependencies -MF /Users/dev01/Library/Developer/Xcode/DerivedData/MapxusHsitpExample-hftnszasrrpmobbpaeqzchceshkw/Build/Intermediates.noindex/Pods.build/Debug-iphonesimulator/React-Core.build/Objects-normal/x86_64/RCTBridgeConstants.d --serialize-diagnostics /Users/dev01/Library/Developer/Xcode/DerivedData/MapxusHsitpExample-hftnszasrrpmobbpaeqzchceshkw/Build/Intermediates.noindex/Pods.build/Debug-iphonesimulator/React-Core.build/Objects-normal/x86_64/RCTBridgeConstants.dia -c /Users/dev01/react-mapxus/mapxus-hsitp/example/node_modules/react-native/React/Base/RCTBridgeConstants.m -o /Users/dev01/Library/Developer/Xcode/DerivedData/MapxusHsitpExample-hftnszasrrpmobbpaeqzchceshkw/Build/Intermediates.noindex/Pods.build/Debug-iphonesimulator/React-Core.build/Objects-normal/x86_64/RCTBridgeConstants.o -index-unit-output-path /Pods.build/Debug-iphonesimulator/React-Core.build/Objects-normal/x86_64/RCTBridgeConstants.o

ScanDependencies /Users/dev01/Library/Developer/Xcode/DerivedData/MapxusHsitpExample-hftnszasrrpmobbpaeqzchceshkw/Build/Intermediates.noindex/Pods.build/Debug-iphonesimulator/React-Core.build/Objects-normal/x86_64/RCTBundleManager.o /Users/dev01/react-mapxus/mapxus-hsitp/example/node_modules/react-native/React/Base/RCTBundleManager.m normal x86_64 objective-c com.apple.compilers.llvm.clang.1_0.compiler (in target 'React-Core' from project 'Pods')
    cd /Users/dev01/react-mapxus/mapxus-hsitp/example/ios/Pods
    
    Using response file: /Users/dev01/Library/Developer/Xcode/DerivedData/MapxusHsitpExample-hftnszasrrpmobbpaeqzchceshkw/Build/Intermediates.noindex/Pods.build/Debug-iphonesimulator/React-Core.build/Objects-normal/x86_64/e6072d4f65d7061329687fe24e3d63a7-common-args.resp
    
    builtin-ScanDependencies -o /Users/dev01/Library/Developer/Xcode/DerivedData/MapxusHsitpExample-hftnszasrrpmobbpaeqzchceshkw/Build/Intermediates.noindex/Pods.build/Debug-iphonesimulator/React-Core.build/Objects-normal/x86_64/RCTBundleManager.o.scan -- /Applications/Xcode.app/Contents/Developer/Toolchains/XcodeDefault.xctoolchain/usr/bin/clang -x objective-c -ivfsstatcache /Users/dev01/Library/Developer/Xcode/DerivedData/SDKStatCaches.noindex/iphonesimulator18.2-22C146-07b28473f605e47e75261259d3ef3b5a.sdkstatcache -fmessage-length\=0 -fdiagnostics-show-note-include-stack -fmacro-backtrace-limit\=0 -fno-color-diagnostics -fmodules-prune-interval\=86400 -fmodules-prune-after\=345600 -fbuild-session-file\=/Users/dev01/Library/Developer/Xcode/DerivedData/ModuleCache.noindex/Session.modulevalidation -fmodules-validate-once-per-build-session -Wnon-modular-include-in-framework-module -Werror\=non-modular-include-in-framework-module -Wno-trigraphs -Wno-missing-field-initializers -Wno-missing-prototypes -Werror\=return-type -Wdocumentation -Wunreachable-code -Wno-implicit-atomic-properties -Werror\=deprecated-objc-isa-usage -Wno-objc-interface-ivars -Werror\=objc-root-class -Wno-arc-repeated-use-of-weak -Wimplicit-retain-self -Wduplicate-method-match -Wno-missing-braces -Wparentheses -Wswitch -Wunused-function -Wno-unused-label -Wno-unused-parameter -Wunused-variable -Wunused-value -Wempty-body -Wuninitialized -Wconditional-uninitialized -Wno-unknown-pragmas -Wno-shadow -Wno-four-char-constants -Wno-conversion -Wconstant-conversion -Wint-conversion -Wbool-conversion -Wenum-conversion -Wno-float-conversion -Wnon-literal-null-conversion -Wobjc-literal-conversion -Wshorten-64-to-32 -Wpointer-sign -Wno-newline-eof -Wno-selector -Wno-strict-selector-match -Wundeclared-selector -Wdeprecated-implementations -Wno-implicit-fallthrough -fstrict-aliasing -Wprotocol -Wdeprecated-declarations -Wno-sign-conversion -Winfinite-recursion -Wcomma -Wblock-capture-autoreleasing -Wstrict-prototypes -Wno-semicolon-before-method-body -Wunguarded-availability -index-store-path /Users/dev01/Library/Developer/Xcode/DerivedData/MapxusHsitpExample-hftnszasrrpmobbpaeqzchceshkw/Index.noindex/DataStore @/Users/dev01/Library/Developer/Xcode/DerivedData/MapxusHsitpExample-hftnszasrrpmobbpaeqzchceshkw/Build/Intermediates.noindex/Pods.build/Debug-iphonesimulator/React-Core.build/Objects-normal/x86_64/e6072d4f65d7061329687fe24e3d63a7-common-args.resp -DUSE_HERMES\=1 -include /Users/dev01/react-mapxus/mapxus-hsitp/example/ios/Pods/Target\ Support\ Files/React-Core/React-Core-prefix.pch -MMD -MT dependencies -MF /Users/dev01/Library/Developer/Xcode/DerivedData/MapxusHsitpExample-hftnszasrrpmobbpaeqzchceshkw/Build/Intermediates.noindex/Pods.build/Debug-iphonesimulator/React-Core.build/Objects-normal/x86_64/RCTBundleManager.d --serialize-diagnostics /Users/dev01/Library/Developer/Xcode/DerivedData/MapxusHsitpExample-hftnszasrrpmobbpaeqzchceshkw/Build/Intermediates.noindex/Pods.build/Debug-iphonesimulator/React-Core.build/Objects-normal/x86_64/RCTBundleManager.dia -c /Users/dev01/react-mapxus/mapxus-hsitp/example/node_modules/react-native/React/Base/RCTBundleManager.m -o /Users/dev01/Library/Developer/Xcode/DerivedData/MapxusHsitpExample-hftnszasrrpmobbpaeqzchceshkw/Build/Intermediates.noindex/Pods.build/Debug-iphonesimulator/React-Core.build/Objects-normal/x86_64/RCTBundleManager.o -index-unit-output-path /Pods.build/Debug-iphonesimulator/React-Core.build/Objects-normal/x86_64/RCTBundleManager.o

ScanDependencies /Users/dev01/Library/Developer/Xcode/DerivedData/MapxusHsitpExample-hftnszasrrpmobbpaeqzchceshkw/Build/Intermediates.noindex/Pods.build/Debug-iphonesimulator/React-Core.build/Objects-normal/x86_64/RCTCxxConvert.o /Users/dev01/react-mapxus/mapxus-hsitp/example/node_modules/react-native/React/Base/RCTCxxConvert.m normal x86_64 objective-c com.apple.compilers.llvm.clang.1_0.compiler (in target 'React-Core' from project 'Pods')
    cd /Users/dev01/react-mapxus/mapxus-hsitp/example/ios/Pods
    
    Using response file: /Users/dev01/Library/Developer/Xcode/DerivedData/MapxusHsitpExample-hftnszasrrpmobbpaeqzchceshkw/Build/Intermediates.noindex/Pods.build/Debug-iphonesimulator/React-Core.build/Objects-normal/x86_64/e6072d4f65d7061329687fe24e3d63a7-common-args.resp
    
    builtin-ScanDependencies -o /Users/dev01/Library/Developer/Xcode/DerivedData/MapxusHsitpExample-hftnszasrrpmobbpaeqzchceshkw/Build/Intermediates.noindex/Pods.build/Debug-iphonesimulator/React-Core.build/Objects-normal/x86_64/RCTCxxConvert.o.scan -- /Applications/Xcode.app/Contents/Developer/Toolchains/XcodeDefault.xctoolchain/usr/bin/clang -x objective-c -ivfsstatcache /Users/dev01/Library/Developer/Xcode/DerivedData/SDKStatCaches.noindex/iphonesimulator18.2-22C146-07b28473f605e47e75261259d3ef3b5a.sdkstatcache -fmessage-length\=0 -fdiagnostics-show-note-include-stack -fmacro-backtrace-limit\=0 -fno-color-diagnostics -fmodules-prune-interval\=86400 -fmodules-prune-after\=345600 -fbuild-session-file\=/Users/dev01/Library/Developer/Xcode/DerivedData/ModuleCache.noindex/Session.modulevalidation -fmodules-validate-once-per-build-session -Wnon-modular-include-in-framework-module -Werror\=non-modular-include-in-framework-module -Wno-trigraphs -Wno-missing-field-initializers -Wno-missing-prototypes -Werror\=return-type -Wdocumentation -Wunreachable-code -Wno-implicit-atomic-properties -Werror\=deprecated-objc-isa-usage -Wno-objc-interface-ivars -Werror\=objc-root-class -Wno-arc-repeated-use-of-weak -Wimplicit-retain-self -Wduplicate-method-match -Wno-missing-braces -Wparentheses -Wswitch -Wunused-function -Wno-unused-label -Wno-unused-parameter -Wunused-variable -Wunused-value -Wempty-body -Wuninitialized -Wconditional-uninitialized -Wno-unknown-pragmas -Wno-shadow -Wno-four-char-constants -Wno-conversion -Wconstant-conversion -Wint-conversion -Wbool-conversion -Wenum-conversion -Wno-float-conversion -Wnon-literal-null-conversion -Wobjc-literal-conversion -Wshorten-64-to-32 -Wpointer-sign -Wno-newline-eof -Wno-selector -Wno-strict-selector-match -Wundeclared-selector -Wdeprecated-implementations -Wno-implicit-fallthrough -fstrict-aliasing -Wprotocol -Wdeprecated-declarations -Wno-sign-conversion -Winfinite-recursion -Wcomma -Wblock-capture-autoreleasing -Wstrict-prototypes -Wno-semicolon-before-method-body -Wunguarded-availability -index-store-path /Users/dev01/Library/Developer/Xcode/DerivedData/MapxusHsitpExample-hftnszasrrpmobbpaeqzchceshkw/Index.noindex/DataStore @/Users/dev01/Library/Developer/Xcode/DerivedData/MapxusHsitpExample-hftnszasrrpmobbpaeqzchceshkw/Build/Intermediates.noindex/Pods.build/Debug-iphonesimulator/React-Core.build/Objects-normal/x86_64/e6072d4f65d7061329687fe24e3d63a7-common-args.resp -DUSE_HERMES\=1 -include /Users/dev01/react-mapxus/mapxus-hsitp/example/ios/Pods/Target\ Support\ Files/React-Core/React-Core-prefix.pch -MMD -MT dependencies -MF /Users/dev01/Library/Developer/Xcode/DerivedData/MapxusHsitpExample-hftnszasrrpmobbpaeqzchceshkw/Build/Intermediates.noindex/Pods.build/Debug-iphonesimulator/React-Core.build/Objects-normal/x86_64/RCTCxxConvert.d --serialize-diagnostics /Users/dev01/Library/Developer/Xcode/DerivedData/MapxusHsitpExample-hftnszasrrpmobbpaeqzchceshkw/Build/Intermediates.noindex/Pods.build/Debug-iphonesimulator/React-Core.build/Objects-normal/x86_64/RCTCxxConvert.dia -c /Users/dev01/react-mapxus/mapxus-hsitp/example/node_modules/react-native/React/Base/RCTCxxConvert.m -o /Users/dev01/Library/Developer/Xcode/DerivedData/MapxusHsitpExample-hftnszasrrpmobbpaeqzchceshkw/Build/Intermediates.noindex/Pods.build/Debug-iphonesimulator/React-Core.build/Objects-normal/x86_64/RCTCxxConvert.o -index-unit-output-path /Pods.build/Debug-iphonesimulator/React-Core.build/Objects-normal/x86_64/RCTCxxConvert.o

WriteAuxiliaryFile /Users/dev01/Library/Developer/Xcode/DerivedData/MapxusHsitpExample-hftnszasrrpmobbpaeqzchceshkw/Build/Intermediates.noindex/Pods.build/Debug-iphonesimulator/React-Core.build/Objects-normal/x86_64/533656923a283fa776881f304837ed9e-common-args.resp (in target 'React-Core' from project 'Pods')
    cd /Users/dev01/react-mapxus/mapxus-hsitp/example/ios/Pods
    write-file /Users/dev01/Library/Developer/Xcode/DerivedData/MapxusHsitpExample-hftnszasrrpmobbpaeqzchceshkw/Build/Intermediates.noindex/Pods.build/Debug-iphonesimulator/React-Core.build/Objects-normal/x86_64/533656923a283fa776881f304837ed9e-common-args.resp
-target x86_64-apple-ios15.1-simulator '-fmodules-cache-path=/Users/dev01/Library/Developer/Xcode/DerivedData/ModuleCache.noindex' '-fmodule-name=React' -fpascal-strings -O0 -fno-common '-DPOD_CONFIGURATION_DEBUG=1' '-DDEBUG=1' '-DCOCOAPODS=1' '-DRCT_METRO_PORT=' -isysroot /Applications/Xcode.app/Contents/Developer/Platforms/iPhoneSimulator.platform/Developer/SDKs/iPhoneSimulator18.2.sdk -fasm-blocks -g -iquote /Users/dev01/Library/Developer/Xcode/DerivedData/MapxusHsitpExample-hftnszasrrpmobbpaeqzchceshkw/Build/Intermediates.noindex/Pods.build/Debug-iphonesimulator/React-Core.build/React-Core-generated-files.hmap -I/Users/dev01/Library/Developer/Xcode/DerivedData/MapxusHsitpExample-hftnszasrrpmobbpaeqzchceshkw/Build/Intermediates.noindex/Pods.build/Debug-iphonesimulator/React-Core.build/React-Core-own-target-headers.hmap -I/Users/dev01/Library/Developer/Xcode/DerivedData/MapxusHsitpExample-hftnszasrrpmobbpaeqzchceshkw/Build/Intermediates.noindex/Pods.build/Debug-iphonesimulator/React-Core.build/React-Core-all-non-framework-target-headers.hmap -ivfsoverlay /Users/dev01/Library/Developer/Xcode/DerivedData/MapxusHsitpExample-hftnszasrrpmobbpaeqzchceshkw/Build/Intermediates.noindex/Pods.build/Debug-iphonesimulator/Pods-8699adb1dd336b26511df848a716bd42-VFS-iphonesimulator/all-product-headers.yaml -iquote /Users/dev01/Library/Developer/Xcode/DerivedData/MapxusHsitpExample-hftnszasrrpmobbpaeqzchceshkw/Build/Intermediates.noindex/Pods.build/Debug-iphonesimulator/React-Core.build/React-Core-project-headers.hmap -I/Users/dev01/Library/Developer/Xcode/DerivedData/MapxusHsitpExample-hftnszasrrpmobbpaeqzchceshkw/Build/Products/Debug-iphonesimulator/React-Core/include -I/Users/dev01/react-mapxus/mapxus-hsitp/example/ios/Pods/Headers/Private -I/Users/dev01/react-mapxus/mapxus-hsitp/example/ios/Pods/Headers/Private/React-Core -I/Users/dev01/react-mapxus/mapxus-hsitp/example/ios/Pods/Headers/Public -I/Users/dev01/react-mapxus/mapxus-hsitp/example/ios/Pods/Headers/Public/DoubleConversion -I/Users/dev01/react-mapxus/mapxus-hsitp/example/ios/Pods/Headers/Public/RCT-Folly -I/Users/dev01/react-mapxus/mapxus-hsitp/example/ios/Pods/Headers/Public/React-Core -I/Users/dev01/react-mapxus/mapxus-hsitp/example/ios/Pods/Headers/Public/React-callinvoker -I/Users/dev01/react-mapxus/mapxus-hsitp/example/ios/Pods/Headers/Public/React-cxxreact -I/Users/dev01/react-mapxus/mapxus-hsitp/example/ios/Pods/Headers/Public/React-debug -I/Users/dev01/react-mapxus/mapxus-hsitp/example/ios/Pods/Headers/Public/React-featureflags -I/Users/dev01/react-mapxus/mapxus-hsitp/example/ios/Pods/Headers/Public/React-hermes -I/Users/dev01/react-mapxus/mapxus-hsitp/example/ios/Pods/Headers/Public/React-jsi -I/Users/dev01/react-mapxus/mapxus-hsitp/example/ios/Pods/Headers/Public/React-jsiexecutor -I/Users/dev01/react-mapxus/mapxus-hsitp/example/ios/Pods/Headers/Public/React-jsinspector -I/Users/dev01/react-mapxus/mapxus-hsitp/example/ios/Pods/Headers/Public/React-jsinspectorcdp -I/Users/dev01/react-mapxus/mapxus-hsitp/example/ios/Pods/Headers/Public/React-jsinspectornetwork -I/Users/dev01/react-mapxus/mapxus-hsitp/example/ios/Pods/Headers/Public/React-jsinspectortracing -I/Users/dev01/react-mapxus/mapxus-hsitp/example/ios/Pods/Headers/Public/React-jsitooling -I/Users/dev01/react-mapxus/mapxus-hsitp/example/ios/Pods/Headers/Public/React-logger -I/Users/dev01/react-mapxus/mapxus-hsitp/example/ios/Pods/Headers/Public/React-oscompat -I/Users/dev01/react-mapxus/mapxus-hsitp/example/ios/Pods/Headers/Public/React-perflogger -I/Users/dev01/react-mapxus/mapxus-hsitp/example/ios/Pods/Headers/Public/React-performancetimeline -I/Users/dev01/react-mapxus/mapxus-hsitp/example/ios/Pods/Headers/Public/React-rendererconsistency -I/Users/dev01/react-mapxus/mapxus-hsitp/example/ios/Pods/Headers/Public/React-rendererdebug -I/Users/dev01/react-mapxus/mapxus-hsitp/example/ios/Pods/Headers/Public/React-runtimeexecutor -I/Users/dev01/react-mapxus/mapxus-hsitp/example/ios/Pods/Headers/Public/React-runtimescheduler -I/Users/dev01/react-mapxus/mapxus-hsitp/example/ios/Pods/Headers/Public/React-timing -I/Users/dev01/react-mapxus/mapxus-hsitp/example/ios/Pods/Headers/Public/React-utils -I/Users/dev01/react-mapxus/mapxus-hsitp/example/ios/Pods/Headers/Public/Yoga -I/Users/dev01/react-mapxus/mapxus-hsitp/example/ios/Pods/Headers/Public/boost -I/Users/dev01/react-mapxus/mapxus-hsitp/example/ios/Pods/Headers/Public/fast_float -I/Users/dev01/react-mapxus/mapxus-hsitp/example/ios/Pods/Headers/Public/fmt -I/Users/dev01/react-mapxus/mapxus-hsitp/example/ios/Pods/Headers/Public/glog -I/Users/dev01/react-mapxus/mapxus-hsitp/example/ios/Pods/Headers/Public/hermes-engine -I/Users/dev01/react-mapxus/mapxus-hsitp/example/node_modules/react-native/ReactCommon -I/Users/dev01/react-mapxus/mapxus-hsitp/example/ios/Pods/Headers/Public/FlipperKit -I/Users/dev01/react-mapxus/mapxus-hsitp/example/ios/Pods/Headers/Public/ReactCommon -I/Users/dev01/react-mapxus/mapxus-hsitp/example/ios/Pods/Headers/Public/React-hermes -I/Users/dev01/react-mapxus/mapxus-hsitp/example/ios/Pods/Headers/Public/hermes-engine -I/Users/dev01/Library/Developer/Xcode/DerivedData/MapxusHsitpExample-hftnszasrrpmobbpaeqzchceshkw/Build/Products/Debug-iphonesimulator/React-runtimeexecutor/React_runtimeexecutor.framework/Headers -I/Users/dev01/Library/Developer/Xcode/DerivedData/MapxusHsitpExample-hftnszasrrpmobbpaeqzchceshkw/Build/Products/Debug-iphonesimulator/React-runtimeexecutor/React_runtimeexecutor.framework/Headers/platform/ios -I/Users/dev01/Library/Developer/Xcode/DerivedData/MapxusHsitpExample-hftnszasrrpmobbpaeqzchceshkw/Build/Products/Debug-iphonesimulator/React-jsinspector/jsinspector_modern.framework/Headers -I/Users/dev01/Library/Developer/Xcode/DerivedData/MapxusHsitpExample-hftnszasrrpmobbpaeqzchceshkw/Build/Products/Debug-iphonesimulator/React-jsinspectorcdp/jsinspector_moderncdp.framework/Headers -I/Users/dev01/Library/Developer/Xcode/DerivedData/MapxusHsitpExample-hftnszasrrpmobbpaeqzchceshkw/Build/Products/Debug-iphonesimulator/React-jsitooling/JSITooling.framework/Headers -I/Users/dev01/Library/Developer/Xcode/DerivedData/MapxusHsitpExample-hftnszasrrpmobbpaeqzchceshkw/Build/Products/Debug-iphonesimulator/React-utils/React_utils.framework/Headers -I/Users/dev01/Library/Developer/Xcode/DerivedData/MapxusHsitpExample-hftnszasrrpmobbpaeqzchceshkw/Build/Products/Debug-iphonesimulator/React-utils/React_utils.framework/Headers/react/utils/platform/ios -I/Users/dev01/Library/Developer/Xcode/DerivedData/MapxusHsitpExample-hftnszasrrpmobbpaeqzchceshkw/Build/Products/Debug-iphonesimulator/RCTDeprecation/RCTDeprecation.framework/Headers -I/Users/dev01/react-mapxus/mapxus-hsitp/example/ios/Pods/glog -I/Users/dev01/react-mapxus/mapxus-hsitp/example/ios/Pods/boost -I/Users/dev01/react-mapxus/mapxus-hsitp/example/ios/Pods/DoubleConversion -I/Users/dev01/react-mapxus/mapxus-hsitp/example/ios/Pods/fast_float/include -I/Users/dev01/react-mapxus/mapxus-hsitp/example/ios/Pods/fmt/include -I/Users/dev01/react-mapxus/mapxus-hsitp/example/ios/Pods/SocketRocket -I/Users/dev01/react-mapxus/mapxus-hsitp/example/ios/Pods/RCT-Folly -I/Users/dev01/Library/Developer/Xcode/DerivedData/MapxusHsitpExample-hftnszasrrpmobbpaeqzchceshkw/Build/Intermediates.noindex/Pods.build/Debug-iphonesimulator/React-Core.build/DerivedSources-normal/x86_64 -I/Users/dev01/Library/Developer/Xcode/DerivedData/MapxusHsitpExample-hftnszasrrpmobbpaeqzchceshkw/Build/Intermediates.noindex/Pods.build/Debug-iphonesimulator/React-Core.build/DerivedSources/x86_64 -I/Users/dev01/Library/Developer/Xcode/DerivedData/MapxusHsitpExample-hftnszasrrpmobbpaeqzchceshkw/Build/Intermediates.noindex/Pods.build/Debug-iphonesimulator/React-Core.build/DerivedSources -F/Users/dev01/Library/Developer/Xcode/DerivedData/MapxusHsitpExample-hftnszasrrpmobbpaeqzchceshkw/Build/Products/Debug-iphonesimulator/React-Core -F/Users/dev01/react-mapxus/mapxus-hsitp/example/ios/Pods/hermes-engine/destroot/Library/Frameworks/universal -F/Users/dev01/Library/Developer/Xcode/DerivedData/MapxusHsitpExample-hftnszasrrpmobbpaeqzchceshkw/Build/Products/Debug-iphonesimulator/XCFrameworkIntermediates/hermes-engine/Pre-built -F/Users/dev01/Library/Developer/Xcode/DerivedData/MapxusHsitpExample-hftnszasrrpmobbpaeqzchceshkw/Build/Products/Debug-iphonesimulator/React-hermes '-fmodule-map-file=/Users/dev01/react-mapxus/mapxus-hsitp/example/ios/Pods/Headers/Public/DoubleConversion/DoubleConversion.modulemap' '-fmodule-map-file=/Users/dev01/react-mapxus/mapxus-hsitp/example/ios/Pods/Headers/Public/RCTDeprecation/RCTDeprecation.modulemap' '-fmodule-map-file=/Users/dev01/react-mapxus/mapxus-hsitp/example/ios/Pods/Headers/Public/React_runtimeexecutor/React-runtimeexecutor.modulemap' '-fmodule-map-file=/Users/dev01/react-mapxus/mapxus-hsitp/example/ios/Pods/Headers/Public/SocketRocket/SocketRocket.modulemap' '-fmodule-map-file=/Users/dev01/react-mapxus/mapxus-hsitp/example/ios/Pods/Headers/Public/fmt/fmt.modulemap' '-fmodule-map-file=/Users/dev01/react-mapxus/mapxus-hsitp/example/ios/Pods/Headers/Public/folly/RCT-Folly.modulemap' '-fmodule-map-file=/Users/dev01/react-mapxus/mapxus-hsitp/example/ios/Pods/Headers/Public/glog/glog.modulemap' '-fmodule-map-file=/Users/dev01/react-mapxus/mapxus-hsitp/example/ios/Pods/Headers/Public/jsi/React-jsi.modulemap' '-fmodule-map-file=/Users/dev01/react-mapxus/mapxus-hsitp/example/ios/Pods/Headers/Public/jsinspector_modern/React-jsinspector.modulemap' '-fmodule-map-file=/Users/dev01/react-mapxus/mapxus-hsitp/example/ios/Pods/Headers/Public/jsinspector_modern_cdp/React-jsinspectorcdp.modulemap' '-fmodule-map-file=/Users/dev01/react-mapxus/mapxus-hsitp/example/ios/Pods/Headers/Public/jsinspector_modern_network/React-jsinspectornetwork.modulemap' '-fmodule-map-file=/Users/dev01/react-mapxus/mapxus-hsitp/example/ios/Pods/Headers/Public/jsinspector_modern_tracing/React-jsinspectortracing.modulemap' '-fmodule-map-file=/Users/dev01/react-mapxus/mapxus-hsitp/example/ios/Pods/Headers/Public/react_debug/React-debug.modulemap' '-fmodule-map-file=/Users/dev01/react-mapxus/mapxus-hsitp/example/ios/Pods/Headers/Public/react_featureflags/React-featureflags.modulemap' '-fmodule-map-file=/Users/dev01/react-mapxus/mapxus-hsitp/example/ios/Pods/Headers/Public/react_renderer_debug/React-rendererdebug.modulemap' '-fmodule-map-file=/Users/dev01/react-mapxus/mapxus-hsitp/example/ios/Pods/Headers/Public/react_runtime/React-jsitooling.modulemap' '-fmodule-map-file=/Users/dev01/react-mapxus/mapxus-hsitp/example/ios/Pods/Headers/Public/react_utils/React-utils.modulemap' '-fmodule-map-file=/Users/dev01/react-mapxus/mapxus-hsitp/example/ios/Pods/Headers/Public/reacthermes/React-hermes.modulemap' '-fmodule-map-file=/Users/dev01/react-mapxus/mapxus-hsitp/example/ios/Pods/Headers/Public/yoga/Yoga.modulemap'

CompileC /Users/dev01/Library/Developer/Xcode/DerivedData/MapxusHsitpExample-hftnszasrrpmobbpaeqzchceshkw/Build/Intermediates.noindex/Pods.build/Debug-iphonesimulator/React-Core.build/Objects-normal/x86_64/RCTUtils.o /Users/dev01/react-mapxus/mapxus-hsitp/example/node_modules/react-native/React/Base/RCTUtils.mm normal x86_64 objective-c++ com.apple.compilers.llvm.clang.1_0.compiler (in target 'React-Core' from project 'Pods')
    cd /Users/dev01/react-mapxus/mapxus-hsitp/example/ios/Pods
    
    Using response file: /Users/dev01/Library/Developer/Xcode/DerivedData/MapxusHsitpExample-hftnszasrrpmobbpaeqzchceshkw/Build/Intermediates.noindex/Pods.build/Debug-iphonesimulator/React-Core.build/Objects-normal/x86_64/af3fcb34312c57c0f52879cdce924b91-common-args.resp
    
    /Applications/Xcode.app/Contents/Developer/Toolchains/XcodeDefault.xctoolchain/usr/bin/clang -x objective-c++ -ivfsstatcache /Users/dev01/Library/Developer/Xcode/DerivedData/SDKStatCaches.noindex/iphonesimulator18.2-22C146-07b28473f605e47e75261259d3ef3b5a.sdkstatcache -fmessage-length\=0 -fdiagnostics-show-note-include-stack -fmacro-backtrace-limit\=0 -fno-color-diagnostics -fmodules-prune-interval\=86400 -fmodules-prune-after\=345600 -fbuild-session-file\=/Users/dev01/Library/Developer/Xcode/DerivedData/ModuleCache.noindex/Session.modulevalidation -fmodules-validate-once-per-build-session -Wnon-modular-include-in-framework-module -Werror\=non-modular-include-in-framework-module -Wno-trigraphs -Wno-missing-field-initializers -Wno-missing-prototypes -Werror\=return-type -Wdocumentation -Wunreachable-code -Wno-implicit-atomic-properties -Werror\=deprecated-objc-isa-usage -Wno-objc-interface-ivars -Werror\=objc-root-class -Wno-arc-repeated-use-of-weak -Wimplicit-retain-self -Wno-non-virtual-dtor -Wno-overloaded-virtual -Wno-exit-time-destructors -Wduplicate-method-match -Wno-missing-braces -Wparentheses -Wswitch -Wunused-function -Wno-unused-label -Wno-unused-parameter -Wunused-variable -Wunused-value -Wempty-body -Wuninitialized -Wconditional-uninitialized -Wno-unknown-pragmas -Wno-shadow -Wno-four-char-constants -Wno-conversion -Wconstant-conversion -Wint-conversion -Wbool-conversion -Wenum-conversion -Wno-float-conversion -Wnon-literal-null-conversion -Wobjc-literal-conversion -Wshorten-64-to-32 -Wno-newline-eof -Wno-selector -Wno-strict-selector-match -Wundeclared-selector -Wdeprecated-implementations -Wno-c++11-extensions -Wno-implicit-fallthrough -fstrict-aliasing -Wprotocol -Wdeprecated-declarations -Winvalid-offsetof -Wno-sign-conversion -Winfinite-recursion -Wmove -Wcomma -Wblock-capture-autoreleasing -Wstrict-prototypes -Wrange-loop-analysis -Wno-semicolon-before-method-body -Wunguarded-availability -index-store-path /Users/dev01/Library/Developer/Xcode/DerivedData/MapxusHsitpExample-hftnszasrrpmobbpaeqzchceshkw/Index.noindex/DataStore @/Users/dev01/Library/Developer/Xcode/DerivedData/MapxusHsitpExample-hftnszasrrpmobbpaeqzchceshkw/Build/Intermediates.noindex/Pods.build/Debug-iphonesimulator/React-Core.build/Objects-normal/x86_64/af3fcb34312c57c0f52879cdce924b91-common-args.resp -DUSE_HERMES\=1 -include /Users/dev01/react-mapxus/mapxus-hsitp/example/ios/Pods/Target\ Support\ Files/React-Core/React-Core-prefix.pch -MMD -MT dependencies -MF /Users/dev01/Library/Developer/Xcode/DerivedData/MapxusHsitpExample-hftnszasrrpmobbpaeqzchceshkw/Build/Intermediates.noindex/Pods.build/Debug-iphonesimulator/React-Core.build/Objects-normal/x86_64/RCTUtils.d --serialize-diagnostics /Users/dev01/Library/Developer/Xcode/DerivedData/MapxusHsitpExample-hftnszasrrpmobbpaeqzchceshkw/Build/Intermediates.noindex/Pods.build/Debug-iphonesimulator/React-Core.build/Objects-normal/x86_64/RCTUtils.dia -c /Users/dev01/react-mapxus/mapxus-hsitp/example/node_modules/react-native/React/Base/RCTUtils.mm -o /Users/dev01/Library/Developer/Xcode/DerivedData/MapxusHsitpExample-hftnszasrrpmobbpaeqzchceshkw/Build/Intermediates.noindex/Pods.build/Debug-iphonesimulator/React-Core.build/Objects-normal/x86_64/RCTUtils.o -index-unit-output-path /Pods.build/Debug-iphonesimulator/React-Core.build/Objects-normal/x86_64/RCTUtils.o

CompileC /Users/dev01/Library/Developer/Xcode/DerivedData/MapxusHsitpExample-hftnszasrrpmobbpaeqzchceshkw/Build/Intermediates.noindex/Pods.build/Debug-iphonesimulator/React-Core.build/Objects-normal/x86_64/RCTUIManagerObserverCoordinator.o /Users/dev01/react-mapxus/mapxus-hsitp/example/node_modules/react-native/React/Modules/RCTUIManagerObserverCoordinator.mm normal x86_64 objective-c++ com.apple.compilers.llvm.clang.1_0.compiler (in target 'React-Core' from project 'Pods')
    cd /Users/dev01/react-mapxus/mapxus-hsitp/example/ios/Pods
    
    Using response file: /Users/dev01/Library/Developer/Xcode/DerivedData/MapxusHsitpExample-hftnszasrrpmobbpaeqzchceshkw/Build/Intermediates.noindex/Pods.build/Debug-iphonesimulator/React-Core.build/Objects-normal/x86_64/af3fcb34312c57c0f52879cdce924b91-common-args.resp
    
    /Applications/Xcode.app/Contents/Developer/Toolchains/XcodeDefault.xctoolchain/usr/bin/clang -x objective-c++ -ivfsstatcache /Users/dev01/Library/Developer/Xcode/DerivedData/SDKStatCaches.noindex/iphonesimulator18.2-22C146-07b28473f605e47e75261259d3ef3b5a.sdkstatcache -fmessage-length\=0 -fdiagnostics-show-note-include-stack -fmacro-backtrace-limit\=0 -fno-color-diagnostics -fmodules-prune-interval\=86400 -fmodules-prune-after\=345600 -fbuild-session-file\=/Users/dev01/Library/Developer/Xcode/DerivedData/ModuleCache.noindex/Session.modulevalidation -fmodules-validate-once-per-build-session -Wnon-modular-include-in-framework-module -Werror\=non-modular-include-in-framework-module -Wno-trigraphs -Wno-missing-field-initializers -Wno-missing-prototypes -Werror\=return-type -Wdocumentation -Wunreachable-code -Wno-implicit-atomic-properties -Werror\=deprecated-objc-isa-usage -Wno-objc-interface-ivars -Werror\=objc-root-class -Wno-arc-repeated-use-of-weak -Wimplicit-retain-self -Wno-non-virtual-dtor -Wno-overloaded-virtual -Wno-exit-time-destructors -Wduplicate-method-match -Wno-missing-braces -Wparentheses -Wswitch -Wunused-function -Wno-unused-label -Wno-unused-parameter -Wunused-variable -Wunused-value -Wempty-body -Wuninitialized -Wconditional-uninitialized -Wno-unknown-pragmas -Wno-shadow -Wno-four-char-constants -Wno-conversion -Wconstant-conversion -Wint-conversion -Wbool-conversion -Wenum-conversion -Wno-float-conversion -Wnon-literal-null-conversion -Wobjc-literal-conversion -Wshorten-64-to-32 -Wno-newline-eof -Wno-selector -Wno-strict-selector-match -Wundeclared-selector -Wdeprecated-implementations -Wno-c++11-extensions -Wno-implicit-fallthrough -fstrict-aliasing -Wprotocol -Wdeprecated-declarations -Winvalid-offsetof -Wno-sign-conversion -Winfinite-recursion -Wmove -Wcomma -Wblock-capture-autoreleasing -Wstrict-prototypes -Wrange-loop-analysis -Wno-semicolon-before-method-body -Wunguarded-availability -index-store-path /Users/dev01/Library/Developer/Xcode/DerivedData/MapxusHsitpExample-hftnszasrrpmobbpaeqzchceshkw/Index.noindex/DataStore @/Users/dev01/Library/Developer/Xcode/DerivedData/MapxusHsitpExample-hftnszasrrpmobbpaeqzchceshkw/Build/Intermediates.noindex/Pods.build/Debug-iphonesimulator/React-Core.build/Objects-normal/x86_64/af3fcb34312c57c0f52879cdce924b91-common-args.resp -DUSE_HERMES\=1 -include /Users/dev01/react-mapxus/mapxus-hsitp/example/ios/Pods/Target\ Support\ Files/React-Core/React-Core-prefix.pch -MMD -MT dependencies -MF /Users/dev01/Library/Developer/Xcode/DerivedData/MapxusHsitpExample-hftnszasrrpmobbpaeqzchceshkw/Build/Intermediates.noindex/Pods.build/Debug-iphonesimulator/React-Core.build/Objects-normal/x86_64/RCTUIManagerObserverCoordinator.d --serialize-diagnostics /Users/dev01/Library/Developer/Xcode/DerivedData/MapxusHsitpExample-hftnszasrrpmobbpaeqzchceshkw/Build/Intermediates.noindex/Pods.build/Debug-iphonesimulator/React-Core.build/Objects-normal/x86_64/RCTUIManagerObserverCoordinator.dia -c /Users/dev01/react-mapxus/mapxus-hsitp/example/node_modules/react-native/React/Modules/RCTUIManagerObserverCoordinator.mm -o /Users/dev01/Library/Developer/Xcode/DerivedData/MapxusHsitpExample-hftnszasrrpmobbpaeqzchceshkw/Build/Intermediates.noindex/Pods.build/Debug-iphonesimulator/React-Core.build/Objects-normal/x86_64/RCTUIManagerObserverCoordinator.o -index-unit-output-path /Pods.build/Debug-iphonesimulator/React-Core.build/Objects-normal/x86_64/RCTUIManagerObserverCoordinator.o

CompileC /Users/dev01/Library/Developer/Xcode/DerivedData/MapxusHsitpExample-hftnszasrrpmobbpaeqzchceshkw/Build/Intermediates.noindex/Pods.build/Debug-iphonesimulator/React-Core.build/Objects-normal/x86_64/RCTUIManager.o /Users/dev01/react-mapxus/mapxus-hsitp/example/node_modules/react-native/React/Modules/RCTUIManager.mm normal x86_64 objective-c++ com.apple.compilers.llvm.clang.1_0.compiler (in target 'React-Core' from project 'Pods')
    cd /Users/dev01/react-mapxus/mapxus-hsitp/example/ios/Pods
    
    Using response file: /Users/dev01/Library/Developer/Xcode/DerivedData/MapxusHsitpExample-hftnszasrrpmobbpaeqzchceshkw/Build/Intermediates.noindex/Pods.build/Debug-iphonesimulator/React-Core.build/Objects-normal/x86_64/af3fcb34312c57c0f52879cdce924b91-common-args.resp
    
    /Applications/Xcode.app/Contents/Developer/Toolchains/XcodeDefault.xctoolchain/usr/bin/clang -x objective-c++ -ivfsstatcache /Users/dev01/Library/Developer/Xcode/DerivedData/SDKStatCaches.noindex/iphonesimulator18.2-22C146-07b28473f605e47e75261259d3ef3b5a.sdkstatcache -fmessage-length\=0 -fdiagnostics-show-note-include-stack -fmacro-backtrace-limit\=0 -fno-color-diagnostics -fmodules-prune-interval\=86400 -fmodules-prune-after\=345600 -fbuild-session-file\=/Users/dev01/Library/Developer/Xcode/DerivedData/ModuleCache.noindex/Session.modulevalidation -fmodules-validate-once-per-build-session -Wnon-modular-include-in-framework-module -Werror\=non-modular-include-in-framework-module -Wno-trigraphs -Wno-missing-field-initializers -Wno-missing-prototypes -Werror\=return-type -Wdocumentation -Wunreachable-code -Wno-implicit-atomic-properties -Werror\=deprecated-objc-isa-usage -Wno-objc-interface-ivars -Werror\=objc-root-class -Wno-arc-repeated-use-of-weak -Wimplicit-retain-self -Wno-non-virtual-dtor -Wno-overloaded-virtual -Wno-exit-time-destructors -Wduplicate-method-match -Wno-missing-braces -Wparentheses -Wswitch -Wunused-function -Wno-unused-label -Wno-unused-parameter -Wunused-variable -Wunused-value -Wempty-body -Wuninitialized -Wconditional-uninitialized -Wno-unknown-pragmas -Wno-shadow -Wno-four-char-constants -Wno-conversion -Wconstant-conversion -Wint-conversion -Wbool-conversion -Wenum-conversion -Wno-float-conversion -Wnon-literal-null-conversion -Wobjc-literal-conversion -Wshorten-64-to-32 -Wno-newline-eof -Wno-selector -Wno-strict-selector-match -Wundeclared-selector -Wdeprecated-implementations -Wno-c++11-extensions -Wno-implicit-fallthrough -fstrict-aliasing -Wprotocol -Wdeprecated-declarations -Winvalid-offsetof -Wno-sign-conversion -Winfinite-recursion -Wmove -Wcomma -Wblock-capture-autoreleasing -Wstrict-prototypes -Wrange-loop-analysis -Wno-semicolon-before-method-body -Wunguarded-availability -index-store-path /Users/dev01/Library/Developer/Xcode/DerivedData/MapxusHsitpExample-hftnszasrrpmobbpaeqzchceshkw/Index.noindex/DataStore @/Users/dev01/Library/Developer/Xcode/DerivedData/MapxusHsitpExample-hftnszasrrpmobbpaeqzchceshkw/Build/Intermediates.noindex/Pods.build/Debug-iphonesimulator/React-Core.build/Objects-normal/x86_64/af3fcb34312c57c0f52879cdce924b91-common-args.resp -DUSE_HERMES\=1 -include /Users/dev01/react-mapxus/mapxus-hsitp/example/ios/Pods/Target\ Support\ Files/React-Core/React-Core-prefix.pch -MMD -MT dependencies -MF /Users/dev01/Library/Developer/Xcode/DerivedData/MapxusHsitpExample-hftnszasrrpmobbpaeqzchceshkw/Build/Intermediates.noindex/Pods.build/Debug-iphonesimulator/React-Core.build/Objects-normal/x86_64/RCTUIManager.d --serialize-diagnostics /Users/dev01/Library/Developer/Xcode/DerivedData/MapxusHsitpExample-hftnszasrrpmobbpaeqzchceshkw/Build/Intermediates.noindex/Pods.build/Debug-iphonesimulator/React-Core.build/Objects-normal/x86_64/RCTUIManager.dia -c /Users/dev01/react-mapxus/mapxus-hsitp/example/node_modules/react-native/React/Modules/RCTUIManager.mm -o /Users/dev01/Library/Developer/Xcode/DerivedData/MapxusHsitpExample-hftnszasrrpmobbpaeqzchceshkw/Build/Intermediates.noindex/Pods.build/Debug-iphonesimulator/React-Core.build/Objects-normal/x86_64/RCTUIManager.o -index-unit-output-path /Pods.build/Debug-iphonesimulator/React-Core.build/Objects-normal/x86_64/RCTUIManager.o

CompileC /Users/dev01/Library/Developer/Xcode/DerivedData/MapxusHsitpExample-hftnszasrrpmobbpaeqzchceshkw/Build/Intermediates.noindex/Pods.build/Debug-iphonesimulator/React-Core.build/Objects-normal/x86_64/RCTSurfaceView.o /Users/dev01/react-mapxus/mapxus-hsitp/example/node_modules/react-native/React/Base/Surface/RCTSurfaceView.mm normal x86_64 objective-c++ com.apple.compilers.llvm.clang.1_0.compiler (in target 'React-Core' from project 'Pods')
    cd /Users/dev01/react-mapxus/mapxus-hsitp/example/ios/Pods
    
    Using response file: /Users/dev01/Library/Developer/Xcode/DerivedData/MapxusHsitpExample-hftnszasrrpmobbpaeqzchceshkw/Build/Intermediates.noindex/Pods.build/Debug-iphonesimulator/React-Core.build/Objects-normal/x86_64/af3fcb34312c57c0f52879cdce924b91-common-args.resp
    
    /Applications/Xcode.app/Contents/Developer/Toolchains/XcodeDefault.xctoolchain/usr/bin/clang -x objective-c++ -ivfsstatcache /Users/dev01/Library/Developer/Xcode/DerivedData/SDKStatCaches.noindex/iphonesimulator18.2-22C146-07b28473f605e47e75261259d3ef3b5a.sdkstatcache -fmessage-length\=0 -fdiagnostics-show-note-include-stack -fmacro-backtrace-limit\=0 -fno-color-diagnostics -fmodules-prune-interval\=86400 -fmodules-prune-after\=345600 -fbuild-session-file\=/Users/dev01/Library/Developer/Xcode/DerivedData/ModuleCache.noindex/Session.modulevalidation -fmodules-validate-once-per-build-session -Wnon-modular-include-in-framework-module -Werror\=non-modular-include-in-framework-module -Wno-trigraphs -Wno-missing-field-initializers -Wno-missing-prototypes -Werror\=return-type -Wdocumentation -Wunreachable-code -Wno-implicit-atomic-properties -Werror\=deprecated-objc-isa-usage -Wno-objc-interface-ivars -Werror\=objc-root-class -Wno-arc-repeated-use-of-weak -Wimplicit-retain-self -Wno-non-virtual-dtor -Wno-overloaded-virtual -Wno-exit-time-destructors -Wduplicate-method-match -Wno-missing-braces -Wparentheses -Wswitch -Wunused-function -Wno-unused-label -Wno-unused-parameter -Wunused-variable -Wunused-value -Wempty-body -Wuninitialized -Wconditional-uninitialized -Wno-unknown-pragmas -Wno-shadow -Wno-four-char-constants -Wno-conversion -Wconstant-conversion -Wint-conversion -Wbool-conversion -Wenum-conversion -Wno-float-conversion -Wnon-literal-null-conversion -Wobjc-literal-conversion -Wshorten-64-to-32 -Wno-newline-eof -Wno-selector -Wno-strict-selector-match -Wundeclared-selector -Wdeprecated-implementations -Wno-c++11-extensions -Wno-implicit-fallthrough -fstrict-aliasing -Wprotocol -Wdeprecated-declarations -Winvalid-offsetof -Wno-sign-conversion -Winfinite-recursion -Wmove -Wcomma -Wblock-capture-autoreleasing -Wstrict-prototypes -Wrange-loop-analysis -Wno-semicolon-before-method-body -Wunguarded-availability -index-store-path /Users/dev01/Library/Developer/Xcode/DerivedData/MapxusHsitpExample-hftnszasrrpmobbpaeqzchceshkw/Index.noindex/DataStore @/Users/dev01/Library/Developer/Xcode/DerivedData/MapxusHsitpExample-hftnszasrrpmobbpaeqzchceshkw/Build/Intermediates.noindex/Pods.build/Debug-iphonesimulator/React-Core.build/Objects-normal/x86_64/af3fcb34312c57c0f52879cdce924b91-common-args.resp -DUSE_HERMES\=1 -include /Users/dev01/react-mapxus/mapxus-hsitp/example/ios/Pods/Target\ Support\ Files/React-Core/React-Core-prefix.pch -MMD -MT dependencies -MF /Users/dev01/Library/Developer/Xcode/DerivedData/MapxusHsitpExample-hftnszasrrpmobbpaeqzchceshkw/Build/Intermediates.noindex/Pods.build/Debug-iphonesimulator/React-Core.build/Objects-normal/x86_64/RCTSurfaceView.d --serialize-diagnostics /Users/dev01/Library/Developer/Xcode/DerivedData/MapxusHsitpExample-hftnszasrrpmobbpaeqzchceshkw/Build/Intermediates.noindex/Pods.build/Debug-iphonesimulator/React-Core.build/Objects-normal/x86_64/RCTSurfaceView.dia -c /Users/dev01/react-mapxus/mapxus-hsitp/example/node_modules/react-native/React/Base/Surface/RCTSurfaceView.mm -o /Users/dev01/Library/Developer/Xcode/DerivedData/MapxusHsitpExample-hftnszasrrpmobbpaeqzchceshkw/Build/Intermediates.noindex/Pods.build/Debug-iphonesimulator/React-Core.build/Objects-normal/x86_64/RCTSurfaceView.o -index-unit-output-path /Pods.build/Debug-iphonesimulator/React-Core.build/Objects-normal/x86_64/RCTSurfaceView.o

CompileC /Users/dev01/Library/Developer/Xcode/DerivedData/MapxusHsitpExample-hftnszasrrpmobbpaeqzchceshkw/Build/Intermediates.noindex/Pods.build/Debug-iphonesimulator/React-Core.build/Objects-normal/x86_64/RCTSurfaceSizeMeasureMode.o /Users/dev01/react-mapxus/mapxus-hsitp/example/node_modules/react-native/React/Base/Surface/SurfaceHostingView/RCTSurfaceSizeMeasureMode.mm normal x86_64 objective-c++ com.apple.compilers.llvm.clang.1_0.compiler (in target 'React-Core' from project 'Pods')
    cd /Users/dev01/react-mapxus/mapxus-hsitp/example/ios/Pods
    
    Using response file: /Users/dev01/Library/Developer/Xcode/DerivedData/MapxusHsitpExample-hftnszasrrpmobbpaeqzchceshkw/Build/Intermediates.noindex/Pods.build/Debug-iphonesimulator/React-Core.build/Objects-normal/x86_64/af3fcb34312c57c0f52879cdce924b91-common-args.resp
    
    /Applications/Xcode.app/Contents/Developer/Toolchains/XcodeDefault.xctoolchain/usr/bin/clang -x objective-c++ -ivfsstatcache /Users/dev01/Library/Developer/Xcode/DerivedData/SDKStatCaches.noindex/iphonesimulator18.2-22C146-07b28473f605e47e75261259d3ef3b5a.sdkstatcache -fmessage-length\=0 -fdiagnostics-show-note-include-stack -fmacro-backtrace-limit\=0 -fno-color-diagnostics -fmodules-prune-interval\=86400 -fmodules-prune-after\=345600 -fbuild-session-file\=/Users/dev01/Library/Developer/Xcode/DerivedData/ModuleCache.noindex/Session.modulevalidation -fmodules-validate-once-per-build-session -Wnon-modular-include-in-framework-module -Werror\=non-modular-include-in-framework-module -Wno-trigraphs -Wno-missing-field-initializers -Wno-missing-prototypes -Werror\=return-type -Wdocumentation -Wunreachable-code -Wno-implicit-atomic-properties -Werror\=deprecated-objc-isa-usage -Wno-objc-interface-ivars -Werror\=objc-root-class -Wno-arc-repeated-use-of-weak -Wimplicit-retain-self -Wno-non-virtual-dtor -Wno-overloaded-virtual -Wno-exit-time-destructors -Wduplicate-method-match -Wno-missing-braces -Wparentheses -Wswitch -Wunused-function -Wno-unused-label -Wno-unused-parameter -Wunused-variable -Wunused-value -Wempty-body -Wuninitialized -Wconditional-uninitialized -Wno-unknown-pragmas -Wno-shadow -Wno-four-char-constants -Wno-conversion -Wconstant-conversion -Wint-conversion -Wbool-conversion -Wenum-conversion -Wno-float-conversion -Wnon-literal-null-conversion -Wobjc-literal-conversion -Wshorten-64-to-32 -Wno-newline-eof -Wno-selector -Wno-strict-selector-match -Wundeclared-selector -Wdeprecated-implementations -Wno-c++11-extensions -Wno-implicit-fallthrough -fstrict-aliasing -Wprotocol -Wdeprecated-declarations -Winvalid-offsetof -Wno-sign-conversion -Winfinite-recursion -Wmove -Wcomma -Wblock-capture-autoreleasing -Wstrict-prototypes -Wrange-loop-analysis -Wno-semicolon-before-method-body -Wunguarded-availability -index-store-path /Users/dev01/Library/Developer/Xcode/DerivedData/MapxusHsitpExample-hftnszasrrpmobbpaeqzchceshkw/Index.noindex/DataStore @/Users/dev01/Library/Developer/Xcode/DerivedData/MapxusHsitpExample-hftnszasrrpmobbpaeqzchceshkw/Build/Intermediates.noindex/Pods.build/Debug-iphonesimulator/React-Core.build/Objects-normal/x86_64/af3fcb34312c57c0f52879cdce924b91-common-args.resp -DUSE_HERMES\=1 -include /Users/dev01/react-mapxus/mapxus-hsitp/example/ios/Pods/Target\ Support\ Files/React-Core/React-Core-prefix.pch -MMD -MT dependencies -MF /Users/dev01/Library/Developer/Xcode/DerivedData/MapxusHsitpExample-hftnszasrrpmobbpaeqzchceshkw/Build/Intermediates.noindex/Pods.build/Debug-iphonesimulator/React-Core.build/Objects-normal/x86_64/RCTSurfaceSizeMeasureMode.d --serialize-diagnostics /Users/dev01/Library/Developer/Xcode/DerivedData/MapxusHsitpExample-hftnszasrrpmobbpaeqzchceshkw/Build/Intermediates.noindex/Pods.build/Debug-iphonesimulator/React-Core.build/Objects-normal/x86_64/RCTSurfaceSizeMeasureMode.dia -c /Users/dev01/react-mapxus/mapxus-hsitp/example/node_modules/react-native/React/Base/Surface/SurfaceHostingView/RCTSurfaceSizeMeasureMode.mm -o /Users/dev01/Library/Developer/Xcode/DerivedData/MapxusHsitpExample-hftnszasrrpmobbpaeqzchceshkw/Build/Intermediates.noindex/Pods.build/Debug-iphonesimulator/React-Core.build/Objects-normal/x86_64/RCTSurfaceSizeMeasureMode.o -index-unit-output-path /Pods.build/Debug-iphonesimulator/React-Core.build/Objects-normal/x86_64/RCTSurfaceSizeMeasureMode.o

CompileC /Users/dev01/Library/Developer/Xcode/DerivedData/MapxusHsitpExample-hftnszasrrpmobbpaeqzchceshkw/Build/Intermediates.noindex/Pods.build/Debug-iphonesimulator/React-Core.build/Objects-normal/x86_64/RCTSurfaceRootView.o /Users/dev01/react-mapxus/mapxus-hsitp/example/node_modules/react-native/React/Base/Surface/RCTSurfaceRootView.mm normal x86_64 objective-c++ com.apple.compilers.llvm.clang.1_0.compiler (in target 'React-Core' from project 'Pods')
    cd /Users/dev01/react-mapxus/mapxus-hsitp/example/ios/Pods
    
    Using response file: /Users/dev01/Library/Developer/Xcode/DerivedData/MapxusHsitpExample-hftnszasrrpmobbpaeqzchceshkw/Build/Intermediates.noindex/Pods.build/Debug-iphonesimulator/React-Core.build/Objects-normal/x86_64/af3fcb34312c57c0f52879cdce924b91-common-args.resp
    
    /Applications/Xcode.app/Contents/Developer/Toolchains/XcodeDefault.xctoolchain/usr/bin/clang -x objective-c++ -ivfsstatcache /Users/dev01/Library/Developer/Xcode/DerivedData/SDKStatCaches.noindex/iphonesimulator18.2-22C146-07b28473f605e47e75261259d3ef3b5a.sdkstatcache -fmessage-length\=0 -fdiagnostics-show-note-include-stack -fmacro-backtrace-limit\=0 -fno-color-diagnostics -fmodules-prune-interval\=86400 -fmodules-prune-after\=345600 -fbuild-session-file\=/Users/dev01/Library/Developer/Xcode/DerivedData/ModuleCache.noindex/Session.modulevalidation -fmodules-validate-once-per-build-session -Wnon-modular-include-in-framework-module -Werror\=non-modular-include-in-framework-module -Wno-trigraphs -Wno-missing-field-initializers -Wno-missing-prototypes -Werror\=return-type -Wdocumentation -Wunreachable-code -Wno-implicit-atomic-properties -Werror\=deprecated-objc-isa-usage -Wno-objc-interface-ivars -Werror\=objc-root-class -Wno-arc-repeated-use-of-weak -Wimplicit-retain-self -Wno-non-virtual-dtor -Wno-overloaded-virtual -Wno-exit-time-destructors -Wduplicate-method-match -Wno-missing-braces -Wparentheses -Wswitch -Wunused-function -Wno-unused-label -Wno-unused-parameter -Wunused-variable -Wunused-value -Wempty-body -Wuninitialized -Wconditional-uninitialized -Wno-unknown-pragmas -Wno-shadow -Wno-four-char-constants -Wno-conversion -Wconstant-conversion -Wint-conversion -Wbool-conversion -Wenum-conversion -Wno-float-conversion -Wnon-literal-null-conversion -Wobjc-literal-conversion -Wshorten-64-to-32 -Wno-newline-eof -Wno-selector -Wno-strict-selector-match -Wundeclared-selector -Wdeprecated-implementations -Wno-c++11-extensions -Wno-implicit-fallthrough -fstrict-aliasing -Wprotocol -Wdeprecated-declarations -Winvalid-offsetof -Wno-sign-conversion -Winfinite-recursion -Wmove -Wcomma -Wblock-capture-autoreleasing -Wstrict-prototypes -Wrange-loop-analysis -Wno-semicolon-before-method-body -Wunguarded-availability -index-store-path /Users/dev01/Library/Developer/Xcode/DerivedData/MapxusHsitpExample-hftnszasrrpmobbpaeqzchceshkw/Index.noindex/DataStore @/Users/dev01/Library/Developer/Xcode/DerivedData/MapxusHsitpExample-hftnszasrrpmobbpaeqzchceshkw/Build/Intermediates.noindex/Pods.build/Debug-iphonesimulator/React-Core.build/Objects-normal/x86_64/af3fcb34312c57c0f52879cdce924b91-common-args.resp -DUSE_HERMES\=1 -include /Users/dev01/react-mapxus/mapxus-hsitp/example/ios/Pods/Target\ Support\ Files/React-Core/React-Core-prefix.pch -MMD -MT dependencies -MF /Users/dev01/Library/Developer/Xcode/DerivedData/MapxusHsitpExample-hftnszasrrpmobbpaeqzchceshkw/Build/Intermediates.noindex/Pods.build/Debug-iphonesimulator/React-Core.build/Objects-normal/x86_64/RCTSurfaceRootView.d --serialize-diagnostics /Users/dev01/Library/Developer/Xcode/DerivedData/MapxusHsitpExample-hftnszasrrpmobbpaeqzchceshkw/Build/Intermediates.noindex/Pods.build/Debug-iphonesimulator/React-Core.build/Objects-normal/x86_64/RCTSurfaceRootView.dia -c /Users/dev01/react-mapxus/mapxus-hsitp/example/node_modules/react-native/React/Base/Surface/RCTSurfaceRootView.mm -o /Users/dev01/Library/Developer/Xcode/DerivedData/MapxusHsitpExample-hftnszasrrpmobbpaeqzchceshkw/Build/Intermediates.noindex/Pods.build/Debug-iphonesimulator/React-Core.build/Objects-normal/x86_64/RCTSurfaceRootView.o -index-unit-output-path /Pods.build/Debug-iphonesimulator/React-Core.build/Objects-normal/x86_64/RCTSurfaceRootView.o

CompileC /Users/dev01/Library/Developer/Xcode/DerivedData/MapxusHsitpExample-hftnszasrrpmobbpaeqzchceshkw/Build/Intermediates.noindex/Pods.build/Debug-iphonesimulator/React-Core.build/Objects-normal/x86_64/RCTSurfaceHostingView.o /Users/dev01/react-mapxus/mapxus-hsitp/example/node_modules/react-native/React/Base/Surface/SurfaceHostingView/RCTSurfaceHostingView.mm normal x86_64 objective-c++ com.apple.compilers.llvm.clang.1_0.compiler (in target 'React-Core' from project 'Pods')
    cd /Users/dev01/react-mapxus/mapxus-hsitp/example/ios/Pods
    
    Using response file: /Users/dev01/Library/Developer/Xcode/DerivedData/MapxusHsitpExample-hftnszasrrpmobbpaeqzchceshkw/Build/Intermediates.noindex/Pods.build/Debug-iphonesimulator/React-Core.build/Objects-normal/x86_64/af3fcb34312c57c0f52879cdce924b91-common-args.resp
    
    /Applications/Xcode.app/Contents/Developer/Toolchains/XcodeDefault.xctoolchain/usr/bin/clang -x objective-c++ -ivfsstatcache /Users/dev01/Library/Developer/Xcode/DerivedData/SDKStatCaches.noindex/iphonesimulator18.2-22C146-07b28473f605e47e75261259d3ef3b5a.sdkstatcache -fmessage-length\=0 -fdiagnostics-show-note-include-stack -fmacro-backtrace-limit\=0 -fno-color-diagnostics -fmodules-prune-interval\=86400 -fmodules-prune-after\=345600 -fbuild-session-file\=/Users/dev01/Library/Developer/Xcode/DerivedData/ModuleCache.noindex/Session.modulevalidation -fmodules-validate-once-per-build-session -Wnon-modular-include-in-framework-module -Werror\=non-modular-include-in-framework-module -Wno-trigraphs -Wno-missing-field-initializers -Wno-missing-prototypes -Werror\=return-type -Wdocumentation -Wunreachable-code -Wno-implicit-atomic-properties -Werror\=deprecated-objc-isa-usage -Wno-objc-interface-ivars -Werror\=objc-root-class -Wno-arc-repeated-use-of-weak -Wimplicit-retain-self -Wno-non-virtual-dtor -Wno-overloaded-virtual -Wno-exit-time-destructors -Wduplicate-method-match -Wno-missing-braces -Wparentheses -Wswitch -Wunused-function -Wno-unused-label -Wno-unused-parameter -Wunused-variable -Wunused-value -Wempty-body -Wuninitialized -Wconditional-uninitialized -Wno-unknown-pragmas -Wno-shadow -Wno-four-char-constants -Wno-conversion -Wconstant-conversion -Wint-conversion -Wbool-conversion -Wenum-conversion -Wno-float-conversion -Wnon-literal-null-conversion -Wobjc-literal-conversion -Wshorten-64-to-32 -Wno-newline-eof -Wno-selector -Wno-strict-selector-match -Wundeclared-selector -Wdeprecated-implementations -Wno-c++11-extensions -Wno-implicit-fallthrough -fstrict-aliasing -Wprotocol -Wdeprecated-declarations -Winvalid-offsetof -Wno-sign-conversion -Winfinite-recursion -Wmove -Wcomma -Wblock-capture-autoreleasing -Wstrict-prototypes -Wrange-loop-analysis -Wno-semicolon-before-method-body -Wunguarded-availability -index-store-path /Users/dev01/Library/Developer/Xcode/DerivedData/MapxusHsitpExample-hftnszasrrpmobbpaeqzchceshkw/Index.noindex/DataStore @/Users/dev01/Library/Developer/Xcode/DerivedData/MapxusHsitpExample-hftnszasrrpmobbpaeqzchceshkw/Build/Intermediates.noindex/Pods.build/Debug-iphonesimulator/React-Core.build/Objects-normal/x86_64/af3fcb34312c57c0f52879cdce924b91-common-args.resp -DUSE_HERMES\=1 -include /Users/dev01/react-mapxus/mapxus-hsitp/example/ios/Pods/Target\ Support\ Files/React-Core/React-Core-prefix.pch -MMD -MT dependencies -MF /Users/dev01/Library/Developer/Xcode/DerivedData/MapxusHsitpExample-hftnszasrrpmobbpaeqzchceshkw/Build/Intermediates.noindex/Pods.build/Debug-iphonesimulator/React-Core.build/Objects-normal/x86_64/RCTSurfaceHostingView.d --serialize-diagnostics /Users/dev01/Library/Developer/Xcode/DerivedData/MapxusHsitpExample-hftnszasrrpmobbpaeqzchceshkw/Build/Intermediates.noindex/Pods.build/Debug-iphonesimulator/React-Core.build/Objects-normal/x86_64/RCTSurfaceHostingView.dia -c /Users/dev01/react-mapxus/mapxus-hsitp/example/node_modules/react-native/React/Base/Surface/SurfaceHostingView/RCTSurfaceHostingView.mm -o /Users/dev01/Library/Developer/Xcode/DerivedData/MapxusHsitpExample-hftnszasrrpmobbpaeqzchceshkw/Build/Intermediates.noindex/Pods.build/Debug-iphonesimulator/React-Core.build/Objects-normal/x86_64/RCTSurfaceHostingView.o -index-unit-output-path /Pods.build/Debug-iphonesimulator/React-Core.build/Objects-normal/x86_64/RCTSurfaceHostingView.o

CompileC /Users/dev01/Library/Developer/Xcode/DerivedData/MapxusHsitpExample-hftnszasrrpmobbpaeqzchceshkw/Build/Intermediates.noindex/Pods.build/Debug-iphonesimulator/React-Core.build/Objects-normal/x86_64/RCTSurfaceHostingProxyRootView.o /Users/dev01/react-mapxus/mapxus-hsitp/example/node_modules/react-native/React/Base/Surface/SurfaceHostingView/RCTSurfaceHostingProxyRootView.mm normal x86_64 objective-c++ com.apple.compilers.llvm.clang.1_0.compiler (in target 'React-Core' from project 'Pods')
    cd /Users/dev01/react-mapxus/mapxus-hsitp/example/ios/Pods
    
    Using response file: /Users/dev01/Library/Developer/Xcode/DerivedData/MapxusHsitpExample-hftnszasrrpmobbpaeqzchceshkw/Build/Intermediates.noindex/Pods.build/Debug-iphonesimulator/React-Core.build/Objects-normal/x86_64/af3fcb34312c57c0f52879cdce924b91-common-args.resp
    
    /Applications/Xcode.app/Contents/Developer/Toolchains/XcodeDefault.xctoolchain/usr/bin/clang -x objective-c++ -ivfsstatcache /Users/dev01/Library/Developer/Xcode/DerivedData/SDKStatCaches.noindex/iphonesimulator18.2-22C146-07b28473f605e47e75261259d3ef3b5a.sdkstatcache -fmessage-length\=0 -fdiagnostics-show-note-include-stack -fmacro-backtrace-limit\=0 -fno-color-diagnostics -fmodules-prune-interval\=86400 -fmodules-prune-after\=345600 -fbuild-session-file\=/Users/dev01/Library/Developer/Xcode/DerivedData/ModuleCache.noindex/Session.modulevalidation -fmodules-validate-once-per-build-session -Wnon-modular-include-in-framework-module -Werror\=non-modular-include-in-framework-module -Wno-trigraphs -Wno-missing-field-initializers -Wno-missing-prototypes -Werror\=return-type -Wdocumentation -Wunreachable-code -Wno-implicit-atomic-properties -Werror\=deprecated-objc-isa-usage -Wno-objc-interface-ivars -Werror\=objc-root-class -Wno-arc-repeated-use-of-weak -Wimplicit-retain-self -Wno-non-virtual-dtor -Wno-overloaded-virtual -Wno-exit-time-destructors -Wduplicate-method-match -Wno-missing-braces -Wparentheses -Wswitch -Wunused-function -Wno-unused-label -Wno-unused-parameter -Wunused-variable -Wunused-value -Wempty-body -Wuninitialized -Wconditional-uninitialized -Wno-unknown-pragmas -Wno-shadow -Wno-four-char-constants -Wno-conversion -Wconstant-conversion -Wint-conversion -Wbool-conversion -Wenum-conversion -Wno-float-conversion -Wnon-literal-null-conversion -Wobjc-literal-conversion -Wshorten-64-to-32 -Wno-newline-eof -Wno-selector -Wno-strict-selector-match -Wundeclared-selector -Wdeprecated-implementations -Wno-c++11-extensions -Wno-implicit-fallthrough -fstrict-aliasing -Wprotocol -Wdeprecated-declarations -Winvalid-offsetof -Wno-sign-conversion -Winfinite-recursion -Wmove -Wcomma -Wblock-capture-autoreleasing -Wstrict-prototypes -Wrange-loop-analysis -Wno-semicolon-before-method-body -Wunguarded-availability -index-store-path /Users/dev01/Library/Developer/Xcode/DerivedData/MapxusHsitpExample-hftnszasrrpmobbpaeqzchceshkw/Index.noindex/DataStore @/Users/dev01/Library/Developer/Xcode/DerivedData/MapxusHsitpExample-hftnszasrrpmobbpaeqzchceshkw/Build/Intermediates.noindex/Pods.build/Debug-iphonesimulator/React-Core.build/Objects-normal/x86_64/af3fcb34312c57c0f52879cdce924b91-common-args.resp -DUSE_HERMES\=1 -include /Users/dev01/react-mapxus/mapxus-hsitp/example/ios/Pods/Target\ Support\ Files/React-Core/React-Core-prefix.pch -MMD -MT dependencies -MF /Users/dev01/Library/Developer/Xcode/DerivedData/MapxusHsitpExample-hftnszasrrpmobbpaeqzchceshkw/Build/Intermediates.noindex/Pods.build/Debug-iphonesimulator/React-Core.build/Objects-normal/x86_64/RCTSurfaceHostingProxyRootView.d --serialize-diagnostics /Users/dev01/Library/Developer/Xcode/DerivedData/MapxusHsitpExample-hftnszasrrpmobbpaeqzchceshkw/Build/Intermediates.noindex/Pods.build/Debug-iphonesimulator/React-Core.build/Objects-normal/x86_64/RCTSurfaceHostingProxyRootView.dia -c /Users/dev01/react-mapxus/mapxus-hsitp/example/node_modules/react-native/React/Base/Surface/SurfaceHostingView/RCTSurfaceHostingProxyRootView.mm -o /Users/dev01/Library/Developer/Xcode/DerivedData/MapxusHsitpExample-hftnszasrrpmobbpaeqzchceshkw/Build/Intermediates.noindex/Pods.build/Debug-iphonesimulator/React-Core.build/Objects-normal/x86_64/RCTSurfaceHostingProxyRootView.o -index-unit-output-path /Pods.build/Debug-iphonesimulator/React-Core.build/Objects-normal/x86_64/RCTSurfaceHostingProxyRootView.o

CompileC /Users/dev01/Library/Developer/Xcode/DerivedData/MapxusHsitpExample-hftnszasrrpmobbpaeqzchceshkw/Build/Intermediates.noindex/Pods.build/Debug-iphonesimulator/React-Core.build/Objects-normal/x86_64/RCTSurface.o /Users/dev01/react-mapxus/mapxus-hsitp/example/node_modules/react-native/React/Base/Surface/RCTSurface.mm normal x86_64 objective-c++ com.apple.compilers.llvm.clang.1_0.compiler (in target 'React-Core' from project 'Pods')
    cd /Users/dev01/react-mapxus/mapxus-hsitp/example/ios/Pods
    
    Using response file: /Users/dev01/Library/Developer/Xcode/DerivedData/MapxusHsitpExample-hftnszasrrpmobbpaeqzchceshkw/Build/Intermediates.noindex/Pods.build/Debug-iphonesimulator/React-Core.build/Objects-normal/x86_64/af3fcb34312c57c0f52879cdce924b91-common-args.resp
    
    /Applications/Xcode.app/Contents/Developer/Toolchains/XcodeDefault.xctoolchain/usr/bin/clang -x objective-c++ -ivfsstatcache /Users/dev01/Library/Developer/Xcode/DerivedData/SDKStatCaches.noindex/iphonesimulator18.2-22C146-07b28473f605e47e75261259d3ef3b5a.sdkstatcache -fmessage-length\=0 -fdiagnostics-show-note-include-stack -fmacro-backtrace-limit\=0 -fno-color-diagnostics -fmodules-prune-interval\=86400 -fmodules-prune-after\=345600 -fbuild-session-file\=/Users/dev01/Library/Developer/Xcode/DerivedData/ModuleCache.noindex/Session.modulevalidation -fmodules-validate-once-per-build-session -Wnon-modular-include-in-framework-module -Werror\=non-modular-include-in-framework-module -Wno-trigraphs -Wno-missing-field-initializers -Wno-missing-prototypes -Werror\=return-type -Wdocumentation -Wunreachable-code -Wno-implicit-atomic-properties -Werror\=deprecated-objc-isa-usage -Wno-objc-interface-ivars -Werror\=objc-root-class -Wno-arc-repeated-use-of-weak -Wimplicit-retain-self -Wno-non-virtual-dtor -Wno-overloaded-virtual -Wno-exit-time-destructors -Wduplicate-method-match -Wno-missing-braces -Wparentheses -Wswitch -Wunused-function -Wno-unused-label -Wno-unused-parameter -Wunused-variable -Wunused-value -Wempty-body -Wuninitialized -Wconditional-uninitialized -Wno-unknown-pragmas -Wno-shadow -Wno-four-char-constants -Wno-conversion -Wconstant-conversion -Wint-conversion -Wbool-conversion -Wenum-conversion -Wno-float-conversion -Wnon-literal-null-conversion -Wobjc-literal-conversion -Wshorten-64-to-32 -Wno-newline-eof -Wno-selector -Wno-strict-selector-match -Wundeclared-selector -Wdeprecated-implementations -Wno-c++11-extensions -Wno-implicit-fallthrough -fstrict-aliasing -Wprotocol -Wdeprecated-declarations -Winvalid-offsetof -Wno-sign-conversion -Winfinite-recursion -Wmove -Wcomma -Wblock-capture-autoreleasing -Wstrict-prototypes -Wrange-loop-analysis -Wno-semicolon-before-method-body -Wunguarded-availability -index-store-path /Users/dev01/Library/Developer/Xcode/DerivedData/MapxusHsitpExample-hftnszasrrpmobbpaeqzchceshkw/Index.noindex/DataStore @/Users/dev01/Library/Developer/Xcode/DerivedData/MapxusHsitpExample-hftnszasrrpmobbpaeqzchceshkw/Build/Intermediates.noindex/Pods.build/Debug-iphonesimulator/React-Core.build/Objects-normal/x86_64/af3fcb34312c57c0f52879cdce924b91-common-args.resp -DUSE_HERMES\=1 -include /Users/dev01/react-mapxus/mapxus-hsitp/example/ios/Pods/Target\ Support\ Files/React-Core/React-Core-prefix.pch -MMD -MT dependencies -MF /Users/dev01/Library/Developer/Xcode/DerivedData/MapxusHsitpExample-hftnszasrrpmobbpaeqzchceshkw/Build/Intermediates.noindex/Pods.build/Debug-iphonesimulator/React-Core.build/Objects-normal/x86_64/RCTSurface.d --serialize-diagnostics /Users/dev01/Library/Developer/Xcode/DerivedData/MapxusHsitpExample-hftnszasrrpmobbpaeqzchceshkw/Build/Intermediates.noindex/Pods.build/Debug-iphonesimulator/React-Core.build/Objects-normal/x86_64/RCTSurface.dia -c /Users/dev01/react-mapxus/mapxus-hsitp/example/node_modules/react-native/React/Base/Surface/RCTSurface.mm -o /Users/dev01/Library/Developer/Xcode/DerivedData/MapxusHsitpExample-hftnszasrrpmobbpaeqzchceshkw/Build/Intermediates.noindex/Pods.build/Debug-iphonesimulator/React-Core.build/Objects-normal/x86_64/RCTSurface.o -index-unit-output-path /Pods.build/Debug-iphonesimulator/React-Core.build/Objects-normal/x86_64/RCTSurface.o

CompileC /Users/dev01/Library/Developer/Xcode/DerivedData/MapxusHsitpExample-hftnszasrrpmobbpaeqzchceshkw/Build/Intermediates.noindex/Pods.build/Debug-iphonesimulator/React-Core.build/Objects-normal/x86_64/RCTProfileTrampoline-x86_64.o /Users/dev01/react-mapxus/mapxus-hsitp/example/node_modules/react-native/React/Profiler/RCTProfileTrampoline-x86_64.S normal x86_64 assembler-with-cpp com.apple.compilers.llvm.clang.1_0.compiler (in target 'React-Core' from project 'Pods')
    cd /Users/dev01/react-mapxus/mapxus-hsitp/example/ios/Pods
    
    Using response file: /Users/dev01/Library/Developer/Xcode/DerivedData/MapxusHsitpExample-hftnszasrrpmobbpaeqzchceshkw/Build/Intermediates.noindex/Pods.build/Debug-iphonesimulator/React-Core.build/Objects-normal/x86_64/533656923a283fa776881f304837ed9e-common-args.resp
    
    /Applications/Xcode.app/Contents/Developer/Toolchains/XcodeDefault.xctoolchain/usr/bin/clang -x assembler-with-cpp -ivfsstatcache /Users/dev01/Library/Developer/Xcode/DerivedData/SDKStatCaches.noindex/iphonesimulator18.2-22C146-07b28473f605e47e75261259d3ef3b5a.sdkstatcache -fmessage-length\=0 -fdiagnostics-show-note-include-stack -fmacro-backtrace-limit\=0 -fno-color-diagnostics -fmodules-prune-interval\=86400 -fmodules-prune-after\=345600 -fbuild-session-file\=/Users/dev01/Library/Developer/Xcode/DerivedData/ModuleCache.noindex/Session.modulevalidation -fmodules-validate-once-per-build-session -Wnon-modular-include-in-framework-module -Werror\=non-modular-include-in-framework-module -Wno-trigraphs -Wno-missing-field-initializers -Wno-missing-prototypes -Werror\=return-type -Wdocumentation -Wunreachable-code -Werror\=deprecated-objc-isa-usage -Werror\=objc-root-class -Wno-missing-braces -Wparentheses -Wswitch -Wunused-function -Wno-unused-label -Wno-unused-parameter -Wunused-variable -Wunused-value -Wempty-body -Wuninitialized -Wconditional-uninitialized -Wno-unknown-pragmas -Wno-shadow -Wno-four-char-constants -Wno-conversion -Wconstant-conversion -Wint-conversion -Wbool-conversion -Wenum-conversion -Wno-float-conversion -Wnon-literal-null-conversion -Wobjc-literal-conversion -Wshorten-64-to-32 -Wno-newline-eof -Wno-implicit-fallthrough -fstrict-aliasing -Wdeprecated-declarations -Wno-sign-conversion -Winfinite-recursion -Wcomma -Wblock-capture-autoreleasing -Wstrict-prototypes -Wno-semicolon-before-method-body -Wunguarded-availability -index-store-path /Users/dev01/Library/Developer/Xcode/DerivedData/MapxusHsitpExample-hftnszasrrpmobbpaeqzchceshkw/Index.noindex/DataStore @/Users/dev01/Library/Developer/Xcode/DerivedData/MapxusHsitpExample-hftnszasrrpmobbpaeqzchceshkw/Build/Intermediates.noindex/Pods.build/Debug-iphonesimulator/React-Core.build/Objects-normal/x86_64/533656923a283fa776881f304837ed9e-common-args.resp -MMD -MT dependencies -MF /Users/dev01/Library/Developer/Xcode/DerivedData/MapxusHsitpExample-hftnszasrrpmobbpaeqzchceshkw/Build/Intermediates.noindex/Pods.build/Debug-iphonesimulator/React-Core.build/Objects-normal/x86_64/RCTProfileTrampoline-x86_64.d --serialize-diagnostics /Users/dev01/Library/Developer/Xcode/DerivedData/MapxusHsitpExample-hftnszasrrpmobbpaeqzchceshkw/Build/Intermediates.noindex/Pods.build/Debug-iphonesimulator/React-Core.build/Objects-normal/x86_64/RCTProfileTrampoline-x86_64.dia -c /Users/dev01/react-mapxus/mapxus-hsitp/example/node_modules/react-native/React/Profiler/RCTProfileTrampoline-x86_64.S -o /Users/dev01/Library/Developer/Xcode/DerivedData/MapxusHsitpExample-hftnszasrrpmobbpaeqzchceshkw/Build/Intermediates.noindex/Pods.build/Debug-iphonesimulator/React-Core.build/Objects-normal/x86_64/RCTProfileTrampoline-x86_64.o -index-unit-output-path /Pods.build/Debug-iphonesimulator/React-Core.build/Objects-normal/x86_64/RCTProfileTrampoline-x86_64.o

CompileC /Users/dev01/Library/Developer/Xcode/DerivedData/MapxusHsitpExample-hftnszasrrpmobbpaeqzchceshkw/Build/Intermediates.noindex/Pods.build/Debug-iphonesimulator/React-Core.build/Objects-normal/x86_64/RCTProfileTrampoline-i386.o /Users/dev01/react-mapxus/mapxus-hsitp/example/node_modules/react-native/React/Profiler/RCTProfileTrampoline-i386.S normal x86_64 assembler-with-cpp com.apple.compilers.llvm.clang.1_0.compiler (in target 'React-Core' from project 'Pods')
    cd /Users/dev01/react-mapxus/mapxus-hsitp/example/ios/Pods
    
    Using response file: /Users/dev01/Library/Developer/Xcode/DerivedData/MapxusHsitpExample-hftnszasrrpmobbpaeqzchceshkw/Build/Intermediates.noindex/Pods.build/Debug-iphonesimulator/React-Core.build/Objects-normal/x86_64/533656923a283fa776881f304837ed9e-common-args.resp
    
    /Applications/Xcode.app/Contents/Developer/Toolchains/XcodeDefault.xctoolchain/usr/bin/clang -x assembler-with-cpp -ivfsstatcache /Users/dev01/Library/Developer/Xcode/DerivedData/SDKStatCaches.noindex/iphonesimulator18.2-22C146-07b28473f605e47e75261259d3ef3b5a.sdkstatcache -fmessage-length\=0 -fdiagnostics-show-note-include-stack -fmacro-backtrace-limit\=0 -fno-color-diagnostics -fmodules-prune-interval\=86400 -fmodules-prune-after\=345600 -fbuild-session-file\=/Users/dev01/Library/Developer/Xcode/DerivedData/ModuleCache.noindex/Session.modulevalidation -fmodules-validate-once-per-build-session -Wnon-modular-include-in-framework-module -Werror\=non-modular-include-in-framework-module -Wno-trigraphs -Wno-missing-field-initializers -Wno-missing-prototypes -Werror\=return-type -Wdocumentation -Wunreachable-code -Werror\=deprecated-objc-isa-usage -Werror\=objc-root-class -Wno-missing-braces -Wparentheses -Wswitch -Wunused-function -Wno-unused-label -Wno-unused-parameter -Wunused-variable -Wunused-value -Wempty-body -Wuninitialized -Wconditional-uninitialized -Wno-unknown-pragmas -Wno-shadow -Wno-four-char-constants -Wno-conversion -Wconstant-conversion -Wint-conversion -Wbool-conversion -Wenum-conversion -Wno-float-conversion -Wnon-literal-null-conversion -Wobjc-literal-conversion -Wshorten-64-to-32 -Wno-newline-eof -Wno-implicit-fallthrough -fstrict-aliasing -Wdeprecated-declarations -Wno-sign-conversion -Winfinite-recursion -Wcomma -Wblock-capture-autoreleasing -Wstrict-prototypes -Wno-semicolon-before-method-body -Wunguarded-availability -index-store-path /Users/dev01/Library/Developer/Xcode/DerivedData/MapxusHsitpExample-hftnszasrrpmobbpaeqzchceshkw/Index.noindex/DataStore @/Users/dev01/Library/Developer/Xcode/DerivedData/MapxusHsitpExample-hftnszasrrpmobbpaeqzchceshkw/Build/Intermediates.noindex/Pods.build/Debug-iphonesimulator/React-Core.build/Objects-normal/x86_64/533656923a283fa776881f304837ed9e-common-args.resp -MMD -MT dependencies -MF /Users/dev01/Library/Developer/Xcode/DerivedData/MapxusHsitpExample-hftnszasrrpmobbpaeqzchceshkw/Build/Intermediates.noindex/Pods.build/Debug-iphonesimulator/React-Core.build/Objects-normal/x86_64/RCTProfileTrampoline-i386.d --serialize-diagnostics /Users/dev01/Library/Developer/Xcode/DerivedData/MapxusHsitpExample-hftnszasrrpmobbpaeqzchceshkw/Build/Intermediates.noindex/Pods.build/Debug-iphonesimulator/React-Core.build/Objects-normal/x86_64/RCTProfileTrampoline-i386.dia -c /Users/dev01/react-mapxus/mapxus-hsitp/example/node_modules/react-native/React/Profiler/RCTProfileTrampoline-i386.S -o /Users/dev01/Library/Developer/Xcode/DerivedData/MapxusHsitpExample-hftnszasrrpmobbpaeqzchceshkw/Build/Intermediates.noindex/Pods.build/Debug-iphonesimulator/React-Core.build/Objects-normal/x86_64/RCTProfileTrampoline-i386.o -index-unit-output-path /Pods.build/Debug-iphonesimulator/React-Core.build/Objects-normal/x86_64/RCTProfileTrampoline-i386.o

CompileC /Users/dev01/Library/Developer/Xcode/DerivedData/MapxusHsitpExample-hftnszasrrpmobbpaeqzchceshkw/Build/Intermediates.noindex/Pods.build/Debug-iphonesimulator/React-Core.build/Objects-normal/x86_64/RCTProfileTrampoline-arm64.o /Users/dev01/react-mapxus/mapxus-hsitp/example/node_modules/react-native/React/Profiler/RCTProfileTrampoline-arm64.S normal x86_64 assembler-with-cpp com.apple.compilers.llvm.clang.1_0.compiler (in target 'React-Core' from project 'Pods')
    cd /Users/dev01/react-mapxus/mapxus-hsitp/example/ios/Pods
    
    Using response file: /Users/dev01/Library/Developer/Xcode/DerivedData/MapxusHsitpExample-hftnszasrrpmobbpaeqzchceshkw/Build/Intermediates.noindex/Pods.build/Debug-iphonesimulator/React-Core.build/Objects-normal/x86_64/533656923a283fa776881f304837ed9e-common-args.resp
    
    /Applications/Xcode.app/Contents/Developer/Toolchains/XcodeDefault.xctoolchain/usr/bin/clang -x assembler-with-cpp -ivfsstatcache /Users/dev01/Library/Developer/Xcode/DerivedData/SDKStatCaches.noindex/iphonesimulator18.2-22C146-07b28473f605e47e75261259d3ef3b5a.sdkstatcache -fmessage-length\=0 -fdiagnostics-show-note-include-stack -fmacro-backtrace-limit\=0 -fno-color-diagnostics -fmodules-prune-interval\=86400 -fmodules-prune-after\=345600 -fbuild-session-file\=/Users/dev01/Library/Developer/Xcode/DerivedData/ModuleCache.noindex/Session.modulevalidation -fmodules-validate-once-per-build-session -Wnon-modular-include-in-framework-module -Werror\=non-modular-include-in-framework-module -Wno-trigraphs -Wno-missing-field-initializers -Wno-missing-prototypes -Werror\=return-type -Wdocumentation -Wunreachable-code -Werror\=deprecated-objc-isa-usage -Werror\=objc-root-class -Wno-missing-braces -Wparentheses -Wswitch -Wunused-function -Wno-unused-label -Wno-unused-parameter -Wunused-variable -Wunused-value -Wempty-body -Wuninitialized -Wconditional-uninitialized -Wno-unknown-pragmas -Wno-shadow -Wno-four-char-constants -Wno-conversion -Wconstant-conversion -Wint-conversion -Wbool-conversion -Wenum-conversion -Wno-float-conversion -Wnon-literal-null-conversion -Wobjc-literal-conversion -Wshorten-64-to-32 -Wno-newline-eof -Wno-implicit-fallthrough -fstrict-aliasing -Wdeprecated-declarations -Wno-sign-conversion -Winfinite-recursion -Wcomma -Wblock-capture-autoreleasing -Wstrict-prototypes -Wno-semicolon-before-method-body -Wunguarded-availability -index-store-path /Users/dev01/Library/Developer/Xcode/DerivedData/MapxusHsitpExample-hftnszasrrpmobbpaeqzchceshkw/Index.noindex/DataStore @/Users/dev01/Library/Developer/Xcode/DerivedData/MapxusHsitpExample-hftnszasrrpmobbpaeqzchceshkw/Build/Intermediates.noindex/Pods.build/Debug-iphonesimulator/React-Core.build/Objects-normal/x86_64/533656923a283fa776881f304837ed9e-common-args.resp -MMD -MT dependencies -MF /Users/dev01/Library/Developer/Xcode/DerivedData/MapxusHsitpExample-hftnszasrrpmobbpaeqzchceshkw/Build/Intermediates.noindex/Pods.build/Debug-iphonesimulator/React-Core.build/Objects-normal/x86_64/RCTProfileTrampoline-arm64.d --serialize-diagnostics /Users/dev01/Library/Developer/Xcode/DerivedData/MapxusHsitpExample-hftnszasrrpmobbpaeqzchceshkw/Build/Intermediates.noindex/Pods.build/Debug-iphonesimulator/React-Core.build/Objects-normal/x86_64/RCTProfileTrampoline-arm64.dia -c /Users/dev01/react-mapxus/mapxus-hsitp/example/node_modules/react-native/React/Profiler/RCTProfileTrampoline-arm64.S -o /Users/dev01/Library/Developer/Xcode/DerivedData/MapxusHsitpExample-hftnszasrrpmobbpaeqzchceshkw/Build/Intermediates.noindex/Pods.build/Debug-iphonesimulator/React-Core.build/Objects-normal/x86_64/RCTProfileTrampoline-arm64.o -index-unit-output-path /Pods.build/Debug-iphonesimulator/React-Core.build/Objects-normal/x86_64/RCTProfileTrampoline-arm64.o

CompileC /Users/dev01/Library/Developer/Xcode/DerivedData/MapxusHsitpExample-hftnszasrrpmobbpaeqzchceshkw/Build/Intermediates.noindex/Pods.build/Debug-iphonesimulator/React-Core.build/Objects-normal/x86_64/RCTProfileTrampoline-arm.o /Users/dev01/react-mapxus/mapxus-hsitp/example/node_modules/react-native/React/Profiler/RCTProfileTrampoline-arm.S normal x86_64 assembler-with-cpp com.apple.compilers.llvm.clang.1_0.compiler (in target 'React-Core' from project 'Pods')
    cd /Users/dev01/react-mapxus/mapxus-hsitp/example/ios/Pods
    
    Using response file: /Users/dev01/Library/Developer/Xcode/DerivedData/MapxusHsitpExample-hftnszasrrpmobbpaeqzchceshkw/Build/Intermediates.noindex/Pods.build/Debug-iphonesimulator/React-Core.build/Objects-normal/x86_64/533656923a283fa776881f304837ed9e-common-args.resp
    
    /Applications/Xcode.app/Contents/Developer/Toolchains/XcodeDefault.xctoolchain/usr/bin/clang -x assembler-with-cpp -ivfsstatcache /Users/dev01/Library/Developer/Xcode/DerivedData/SDKStatCaches.noindex/iphonesimulator18.2-22C146-07b28473f605e47e75261259d3ef3b5a.sdkstatcache -fmessage-length\=0 -fdiagnostics-show-note-include-stack -fmacro-backtrace-limit\=0 -fno-color-diagnostics -fmodules-prune-interval\=86400 -fmodules-prune-after\=345600 -fbuild-session-file\=/Users/dev01/Library/Developer/Xcode/DerivedData/ModuleCache.noindex/Session.modulevalidation -fmodules-validate-once-per-build-session -Wnon-modular-include-in-framework-module -Werror\=non-modular-include-in-framework-module -Wno-trigraphs -Wno-missing-field-initializers -Wno-missing-prototypes -Werror\=return-type -Wdocumentation -Wunreachable-code -Werror\=deprecated-objc-isa-usage -Werror\=objc-root-class -Wno-missing-braces -Wparentheses -Wswitch -Wunused-function -Wno-unused-label -Wno-unused-parameter -Wunused-variable -Wunused-value -Wempty-body -Wuninitialized -Wconditional-uninitialized -Wno-unknown-pragmas -Wno-shadow -Wno-four-char-constants -Wno-conversion -Wconstant-conversion -Wint-conversion -Wbool-conversion -Wenum-conversion -Wno-float-conversion -Wnon-literal-null-conversion -Wobjc-literal-conversion -Wshorten-64-to-32 -Wno-newline-eof -Wno-implicit-fallthrough -fstrict-aliasing -Wdeprecated-declarations -Wno-sign-conversion -Winfinite-recursion -Wcomma -Wblock-capture-autoreleasing -Wstrict-prototypes -Wno-semicolon-before-method-body -Wunguarded-availability -index-store-path /Users/dev01/Library/Developer/Xcode/DerivedData/MapxusHsitpExample-hftnszasrrpmobbpaeqzchceshkw/Index.noindex/DataStore @/Users/dev01/Library/Developer/Xcode/DerivedData/MapxusHsitpExample-hftnszasrrpmobbpaeqzchceshkw/Build/Intermediates.noindex/Pods.build/Debug-iphonesimulator/React-Core.build/Objects-normal/x86_64/533656923a283fa776881f304837ed9e-common-args.resp -MMD -MT dependencies -MF /Users/dev01/Library/Developer/Xcode/DerivedData/MapxusHsitpExample-hftnszasrrpmobbpaeqzchceshkw/Build/Intermediates.noindex/Pods.build/Debug-iphonesimulator/React-Core.build/Objects-normal/x86_64/RCTProfileTrampoline-arm.d --serialize-diagnostics /Users/dev01/Library/Developer/Xcode/DerivedData/MapxusHsitpExample-hftnszasrrpmobbpaeqzchceshkw/Build/Intermediates.noindex/Pods.build/Debug-iphonesimulator/React-Core.build/Objects-normal/x86_64/RCTProfileTrampoline-arm.dia -c /Users/dev01/react-mapxus/mapxus-hsitp/example/node_modules/react-native/React/Profiler/RCTProfileTrampoline-arm.S -o /Users/dev01/Library/Developer/Xcode/DerivedData/MapxusHsitpExample-hftnszasrrpmobbpaeqzchceshkw/Build/Intermediates.noindex/Pods.build/Debug-iphonesimulator/React-Core.build/Objects-normal/x86_64/RCTProfileTrampoline-arm.o -index-unit-output-path /Pods.build/Debug-iphonesimulator/React-Core.build/Objects-normal/x86_64/RCTProfileTrampoline-arm.o

CompileC /Users/dev01/Library/Developer/Xcode/DerivedData/MapxusHsitpExample-hftnszasrrpmobbpaeqzchceshkw/Build/Intermediates.noindex/Pods.build/Debug-iphonesimulator/React-Core.build/Objects-normal/x86_64/RCTPerformanceLogger.o /Users/dev01/react-mapxus/mapxus-hsitp/example/node_modules/react-native/React/Base/RCTPerformanceLogger.mm normal x86_64 objective-c++ com.apple.compilers.llvm.clang.1_0.compiler (in target 'React-Core' from project 'Pods')
    cd /Users/dev01/react-mapxus/mapxus-hsitp/example/ios/Pods
    
    Using response file: /Users/dev01/Library/Developer/Xcode/DerivedData/MapxusHsitpExample-hftnszasrrpmobbpaeqzchceshkw/Build/Intermediates.noindex/Pods.build/Debug-iphonesimulator/React-Core.build/Objects-normal/x86_64/af3fcb34312c57c0f52879cdce924b91-common-args.resp
    
    /Applications/Xcode.app/Contents/Developer/Toolchains/XcodeDefault.xctoolchain/usr/bin/clang -x objective-c++ -ivfsstatcache /Users/dev01/Library/Developer/Xcode/DerivedData/SDKStatCaches.noindex/iphonesimulator18.2-22C146-07b28473f605e47e75261259d3ef3b5a.sdkstatcache -fmessage-length\=0 -fdiagnostics-show-note-include-stack -fmacro-backtrace-limit\=0 -fno-color-diagnostics -fmodules-prune-interval\=86400 -fmodules-prune-after\=345600 -fbuild-session-file\=/Users/dev01/Library/Developer/Xcode/DerivedData/ModuleCache.noindex/Session.modulevalidation -fmodules-validate-once-per-build-session -Wnon-modular-include-in-framework-module -Werror\=non-modular-include-in-framework-module -Wno-trigraphs -Wno-missing-field-initializers -Wno-missing-prototypes -Werror\=return-type -Wdocumentation -Wunreachable-code -Wno-implicit-atomic-properties -Werror\=deprecated-objc-isa-usage -Wno-objc-interface-ivars -Werror\=objc-root-class -Wno-arc-repeated-use-of-weak -Wimplicit-retain-self -Wno-non-virtual-dtor -Wno-overloaded-virtual -Wno-exit-time-destructors -Wduplicate-method-match -Wno-missing-braces -Wparentheses -Wswitch -Wunused-function -Wno-unused-label -Wno-unused-parameter -Wunused-variable -Wunused-value -Wempty-body -Wuninitialized -Wconditional-uninitialized -Wno-unknown-pragmas -Wno-shadow -Wno-four-char-constants -Wno-conversion -Wconstant-conversion -Wint-conversion -Wbool-conversion -Wenum-conversion -Wno-float-conversion -Wnon-literal-null-conversion -Wobjc-literal-conversion -Wshorten-64-to-32 -Wno-newline-eof -Wno-selector -Wno-strict-selector-match -Wundeclared-selector -Wdeprecated-implementations -Wno-c++11-extensions -Wno-implicit-fallthrough -fstrict-aliasing -Wprotocol -Wdeprecated-declarations -Winvalid-offsetof -Wno-sign-conversion -Winfinite-recursion -Wmove -Wcomma -Wblock-capture-autoreleasing -Wstrict-prototypes -Wrange-loop-analysis -Wno-semicolon-before-method-body -Wunguarded-availability -index-store-path /Users/dev01/Library/Developer/Xcode/DerivedData/MapxusHsitpExample-hftnszasrrpmobbpaeqzchceshkw/Index.noindex/DataStore @/Users/dev01/Library/Developer/Xcode/DerivedData/MapxusHsitpExample-hftnszasrrpmobbpaeqzchceshkw/Build/Intermediates.noindex/Pods.build/Debug-iphonesimulator/React-Core.build/Objects-normal/x86_64/af3fcb34312c57c0f52879cdce924b91-common-args.resp -DUSE_HERMES\=1 -include /Users/dev01/react-mapxus/mapxus-hsitp/example/ios/Pods/Target\ Support\ Files/React-Core/React-Core-prefix.pch -MMD -MT dependencies -MF /Users/dev01/Library/Developer/Xcode/DerivedData/MapxusHsitpExample-hftnszasrrpmobbpaeqzchceshkw/Build/Intermediates.noindex/Pods.build/Debug-iphonesimulator/React-Core.build/Objects-normal/x86_64/RCTPerformanceLogger.d --serialize-diagnostics /Users/dev01/Library/Developer/Xcode/DerivedData/MapxusHsitpExample-hftnszasrrpmobbpaeqzchceshkw/Build/Intermediates.noindex/Pods.build/Debug-iphonesimulator/React-Core.build/Objects-normal/x86_64/RCTPerformanceLogger.dia -c /Users/dev01/react-mapxus/mapxus-hsitp/example/node_modules/react-native/React/Base/RCTPerformanceLogger.mm -o /Users/dev01/Library/Developer/Xcode/DerivedData/MapxusHsitpExample-hftnszasrrpmobbpaeqzchceshkw/Build/Intermediates.noindex/Pods.build/Debug-iphonesimulator/React-Core.build/Objects-normal/x86_64/RCTPerformanceLogger.o -index-unit-output-path /Pods.build/Debug-iphonesimulator/React-Core.build/Objects-normal/x86_64/RCTPerformanceLogger.o

CompileC /Users/dev01/Library/Developer/Xcode/DerivedData/MapxusHsitpExample-hftnszasrrpmobbpaeqzchceshkw/Build/Intermediates.noindex/Pods.build/Debug-iphonesimulator/React-Core.build/Objects-normal/x86_64/RCTPausedInDebuggerOverlayController.o /Users/dev01/react-mapxus/mapxus-hsitp/example/node_modules/react-native/React/DevSupport/RCTPausedInDebuggerOverlayController.mm normal x86_64 objective-c++ com.apple.compilers.llvm.clang.1_0.compiler (in target 'React-Core' from project 'Pods')
    cd /Users/dev01/react-mapxus/mapxus-hsitp/example/ios/Pods
    
    Using response file: /Users/dev01/Library/Developer/Xcode/DerivedData/MapxusHsitpExample-hftnszasrrpmobbpaeqzchceshkw/Build/Intermediates.noindex/Pods.build/Debug-iphonesimulator/React-Core.build/Objects-normal/x86_64/af3fcb34312c57c0f52879cdce924b91-common-args.resp
    
    /Applications/Xcode.app/Contents/Developer/Toolchains/XcodeDefault.xctoolchain/usr/bin/clang -x objective-c++ -ivfsstatcache /Users/dev01/Library/Developer/Xcode/DerivedData/SDKStatCaches.noindex/iphonesimulator18.2-22C146-07b28473f605e47e75261259d3ef3b5a.sdkstatcache -fmessage-length\=0 -fdiagnostics-show-note-include-stack -fmacro-backtrace-limit\=0 -fno-color-diagnostics -fmodules-prune-interval\=86400 -fmodules-prune-after\=345600 -fbuild-session-file\=/Users/dev01/Library/Developer/Xcode/DerivedData/ModuleCache.noindex/Session.modulevalidation -fmodules-validate-once-per-build-session -Wnon-modular-include-in-framework-module -Werror\=non-modular-include-in-framework-module -Wno-trigraphs -Wno-missing-field-initializers -Wno-missing-prototypes -Werror\=return-type -Wdocumentation -Wunreachable-code -Wno-implicit-atomic-properties -Werror\=deprecated-objc-isa-usage -Wno-objc-interface-ivars -Werror\=objc-root-class -Wno-arc-repeated-use-of-weak -Wimplicit-retain-self -Wno-non-virtual-dtor -Wno-overloaded-virtual -Wno-exit-time-destructors -Wduplicate-method-match -Wno-missing-braces -Wparentheses -Wswitch -Wunused-function -Wno-unused-label -Wno-unused-parameter -Wunused-variable -Wunused-value -Wempty-body -Wuninitialized -Wconditional-uninitialized -Wno-unknown-pragmas -Wno-shadow -Wno-four-char-constants -Wno-conversion -Wconstant-conversion -Wint-conversion -Wbool-conversion -Wenum-conversion -Wno-float-conversion -Wnon-literal-null-conversion -Wobjc-literal-conversion -Wshorten-64-to-32 -Wno-newline-eof -Wno-selector -Wno-strict-selector-match -Wundeclared-selector -Wdeprecated-implementations -Wno-c++11-extensions -Wno-implicit-fallthrough -fstrict-aliasing -Wprotocol -Wdeprecated-declarations -Winvalid-offsetof -Wno-sign-conversion -Winfinite-recursion -Wmove -Wcomma -Wblock-capture-autoreleasing -Wstrict-prototypes -Wrange-loop-analysis -Wno-semicolon-before-method-body -Wunguarded-availability -index-store-path /Users/dev01/Library/Developer/Xcode/DerivedData/MapxusHsitpExample-hftnszasrrpmobbpaeqzchceshkw/Index.noindex/DataStore @/Users/dev01/Library/Developer/Xcode/DerivedData/MapxusHsitpExample-hftnszasrrpmobbpaeqzchceshkw/Build/Intermediates.noindex/Pods.build/Debug-iphonesimulator/React-Core.build/Objects-normal/x86_64/af3fcb34312c57c0f52879cdce924b91-common-args.resp -DUSE_HERMES\=1 -include /Users/dev01/react-mapxus/mapxus-hsitp/example/ios/Pods/Target\ Support\ Files/React-Core/React-Core-prefix.pch -MMD -MT dependencies -MF /Users/dev01/Library/Developer/Xcode/DerivedData/MapxusHsitpExample-hftnszasrrpmobbpaeqzchceshkw/Build/Intermediates.noindex/Pods.build/Debug-iphonesimulator/React-Core.build/Objects-normal/x86_64/RCTPausedInDebuggerOverlayController.d --serialize-diagnostics /Users/dev01/Library/Developer/Xcode/DerivedData/MapxusHsitpExample-hftnszasrrpmobbpaeqzchceshkw/Build/Intermediates.noindex/Pods.build/Debug-iphonesimulator/React-Core.build/Objects-normal/x86_64/RCTPausedInDebuggerOverlayController.dia -c /Users/dev01/react-mapxus/mapxus-hsitp/example/node_modules/react-native/React/DevSupport/RCTPausedInDebuggerOverlayController.mm -o /Users/dev01/Library/Developer/Xcode/DerivedData/MapxusHsitpExample-hftnszasrrpmobbpaeqzchceshkw/Build/Intermediates.noindex/Pods.build/Debug-iphonesimulator/React-Core.build/Objects-normal/x86_64/RCTPausedInDebuggerOverlayController.o -index-unit-output-path /Pods.build/Debug-iphonesimulator/React-Core.build/Objects-normal/x86_64/RCTPausedInDebuggerOverlayController.o

CompileC /Users/dev01/Library/Developer/Xcode/DerivedData/MapxusHsitpExample-hftnszasrrpmobbpaeqzchceshkw/Build/Intermediates.noindex/Pods.build/Debug-iphonesimulator/React-Core.build/Objects-normal/x86_64/RCTPackagerConnection.o /Users/dev01/react-mapxus/mapxus-hsitp/example/node_modules/react-native/React/DevSupport/RCTPackagerConnection.mm normal x86_64 objective-c++ com.apple.compilers.llvm.clang.1_0.compiler (in target 'React-Core' from project 'Pods')
    cd /Users/dev01/react-mapxus/mapxus-hsitp/example/ios/Pods
    
    Using response file: /Users/dev01/Library/Developer/Xcode/DerivedData/MapxusHsitpExample-hftnszasrrpmobbpaeqzchceshkw/Build/Intermediates.noindex/Pods.build/Debug-iphonesimulator/React-Core.build/Objects-normal/x86_64/af3fcb34312c57c0f52879cdce924b91-common-args.resp
    
    /Applications/Xcode.app/Contents/Developer/Toolchains/XcodeDefault.xctoolchain/usr/bin/clang -x objective-c++ -ivfsstatcache /Users/dev01/Library/Developer/Xcode/DerivedData/SDKStatCaches.noindex/iphonesimulator18.2-22C146-07b28473f605e47e75261259d3ef3b5a.sdkstatcache -fmessage-length\=0 -fdiagnostics-show-note-include-stack -fmacro-backtrace-limit\=0 -fno-color-diagnostics -fmodules-prune-interval\=86400 -fmodules-prune-after\=345600 -fbuild-session-file\=/Users/dev01/Library/Developer/Xcode/DerivedData/ModuleCache.noindex/Session.modulevalidation -fmodules-validate-once-per-build-session -Wnon-modular-include-in-framework-module -Werror\=non-modular-include-in-framework-module -Wno-trigraphs -Wno-missing-field-initializers -Wno-missing-prototypes -Werror\=return-type -Wdocumentation -Wunreachable-code -Wno-implicit-atomic-properties -Werror\=deprecated-objc-isa-usage -Wno-objc-interface-ivars -Werror\=objc-root-class -Wno-arc-repeated-use-of-weak -Wimplicit-retain-self -Wno-non-virtual-dtor -Wno-overloaded-virtual -Wno-exit-time-destructors -Wduplicate-method-match -Wno-missing-braces -Wparentheses -Wswitch -Wunused-function -Wno-unused-label -Wno-unused-parameter -Wunused-variable -Wunused-value -Wempty-body -Wuninitialized -Wconditional-uninitialized -Wno-unknown-pragmas -Wno-shadow -Wno-four-char-constants -Wno-conversion -Wconstant-conversion -Wint-conversion -Wbool-conversion -Wenum-conversion -Wno-float-conversion -Wnon-literal-null-conversion -Wobjc-literal-conversion -Wshorten-64-to-32 -Wno-newline-eof -Wno-selector -Wno-strict-selector-match -Wundeclared-selector -Wdeprecated-implementations -Wno-c++11-extensions -Wno-implicit-fallthrough -fstrict-aliasing -Wprotocol -Wdeprecated-declarations -Winvalid-offsetof -Wno-sign-conversion -Winfinite-recursion -Wmove -Wcomma -Wblock-capture-autoreleasing -Wstrict-prototypes -Wrange-loop-analysis -Wno-semicolon-before-method-body -Wunguarded-availability -index-store-path /Users/dev01/Library/Developer/Xcode/DerivedData/MapxusHsitpExample-hftnszasrrpmobbpaeqzchceshkw/Index.noindex/DataStore @/Users/dev01/Library/Developer/Xcode/DerivedData/MapxusHsitpExample-hftnszasrrpmobbpaeqzchceshkw/Build/Intermediates.noindex/Pods.build/Debug-iphonesimulator/React-Core.build/Objects-normal/x86_64/af3fcb34312c57c0f52879cdce924b91-common-args.resp -DUSE_HERMES\=1 -include /Users/dev01/react-mapxus/mapxus-hsitp/example/ios/Pods/Target\ Support\ Files/React-Core/React-Core-prefix.pch -MMD -MT dependencies -MF /Users/dev01/Library/Developer/Xcode/DerivedData/MapxusHsitpExample-hftnszasrrpmobbpaeqzchceshkw/Build/Intermediates.noindex/Pods.build/Debug-iphonesimulator/React-Core.build/Objects-normal/x86_64/RCTPackagerConnection.d --serialize-diagnostics /Users/dev01/Library/Developer/Xcode/DerivedData/MapxusHsitpExample-hftnszasrrpmobbpaeqzchceshkw/Build/Intermediates.noindex/Pods.build/Debug-iphonesimulator/React-Core.build/Objects-normal/x86_64/RCTPackagerConnection.dia -c /Users/dev01/react-mapxus/mapxus-hsitp/example/node_modules/react-native/React/DevSupport/RCTPackagerConnection.mm -o /Users/dev01/Library/Developer/Xcode/DerivedData/MapxusHsitpExample-hftnszasrrpmobbpaeqzchceshkw/Build/Intermediates.noindex/Pods.build/Debug-iphonesimulator/React-Core.build/Objects-normal/x86_64/RCTPackagerConnection.o -index-unit-output-path /Pods.build/Debug-iphonesimulator/React-Core.build/Objects-normal/x86_64/RCTPackagerConnection.o

CompileC /Users/dev01/Library/Developer/Xcode/DerivedData/MapxusHsitpExample-hftnszasrrpmobbpaeqzchceshkw/Build/Intermediates.noindex/Pods.build/Debug-iphonesimulator/React-Core.build/Objects-normal/x86_64/RCTObjcExecutor.o /Users/dev01/react-mapxus/mapxus-hsitp/example/node_modules/react-native/React/CxxBridge/RCTObjcExecutor.mm normal x86_64 objective-c++ com.apple.compilers.llvm.clang.1_0.compiler (in target 'React-Core' from project 'Pods')
    cd /Users/dev01/react-mapxus/mapxus-hsitp/example/ios/Pods
    
    Using response file: /Users/dev01/Library/Developer/Xcode/DerivedData/MapxusHsitpExample-hftnszasrrpmobbpaeqzchceshkw/Build/Intermediates.noindex/Pods.build/Debug-iphonesimulator/React-Core.build/Objects-normal/x86_64/af3fcb34312c57c0f52879cdce924b91-common-args.resp
    
    /Applications/Xcode.app/Contents/Developer/Toolchains/XcodeDefault.xctoolchain/usr/bin/clang -x objective-c++ -ivfsstatcache /Users/dev01/Library/Developer/Xcode/DerivedData/SDKStatCaches.noindex/iphonesimulator18.2-22C146-07b28473f605e47e75261259d3ef3b5a.sdkstatcache -fmessage-length\=0 -fdiagnostics-show-note-include-stack -fmacro-backtrace-limit\=0 -fno-color-diagnostics -fmodules-prune-interval\=86400 -fmodules-prune-after\=345600 -fbuild-session-file\=/Users/dev01/Library/Developer/Xcode/DerivedData/ModuleCache.noindex/Session.modulevalidation -fmodules-validate-once-per-build-session -Wnon-modular-include-in-framework-module -Werror\=non-modular-include-in-framework-module -Wno-trigraphs -Wno-missing-field-initializers -Wno-missing-prototypes -Werror\=return-type -Wdocumentation -Wunreachable-code -Wno-implicit-atomic-properties -Werror\=deprecated-objc-isa-usage -Wno-objc-interface-ivars -Werror\=objc-root-class -Wno-arc-repeated-use-of-weak -Wimplicit-retain-self -Wno-non-virtual-dtor -Wno-overloaded-virtual -Wno-exit-time-destructors -Wduplicate-method-match -Wno-missing-braces -Wparentheses -Wswitch -Wunused-function -Wno-unused-label -Wno-unused-parameter -Wunused-variable -Wunused-value -Wempty-body -Wuninitialized -Wconditional-uninitialized -Wno-unknown-pragmas -Wno-shadow -Wno-four-char-constants -Wno-conversion -Wconstant-conversion -Wint-conversion -Wbool-conversion -Wenum-conversion -Wno-float-conversion -Wnon-literal-null-conversion -Wobjc-literal-conversion -Wshorten-64-to-32 -Wno-newline-eof -Wno-selector -Wno-strict-selector-match -Wundeclared-selector -Wdeprecated-implementations -Wno-c++11-extensions -Wno-implicit-fallthrough -fstrict-aliasing -Wprotocol -Wdeprecated-declarations -Winvalid-offsetof -Wno-sign-conversion -Winfinite-recursion -Wmove -Wcomma -Wblock-capture-autoreleasing -Wstrict-prototypes -Wrange-loop-analysis -Wno-semicolon-before-method-body -Wunguarded-availability -index-store-path /Users/dev01/Library/Developer/Xcode/DerivedData/MapxusHsitpExample-hftnszasrrpmobbpaeqzchceshkw/Index.noindex/DataStore @/Users/dev01/Library/Developer/Xcode/DerivedData/MapxusHsitpExample-hftnszasrrpmobbpaeqzchceshkw/Build/Intermediates.noindex/Pods.build/Debug-iphonesimulator/React-Core.build/Objects-normal/x86_64/af3fcb34312c57c0f52879cdce924b91-common-args.resp -DUSE_HERMES\=1 -include /Users/dev01/react-mapxus/mapxus-hsitp/example/ios/Pods/Target\ Support\ Files/React-Core/React-Core-prefix.pch -MMD -MT dependencies -MF /Users/dev01/Library/Developer/Xcode/DerivedData/MapxusHsitpExample-hftnszasrrpmobbpaeqzchceshkw/Build/Intermediates.noindex/Pods.build/Debug-iphonesimulator/React-Core.build/Objects-normal/x86_64/RCTObjcExecutor.d --serialize-diagnostics /Users/dev01/Library/Developer/Xcode/DerivedData/MapxusHsitpExample-hftnszasrrpmobbpaeqzchceshkw/Build/Intermediates.noindex/Pods.build/Debug-iphonesimulator/React-Core.build/Objects-normal/x86_64/RCTObjcExecutor.dia -c /Users/dev01/react-mapxus/mapxus-hsitp/example/node_modules/react-native/React/CxxBridge/RCTObjcExecutor.mm -o /Users/dev01/Library/Developer/Xcode/DerivedData/MapxusHsitpExample-hftnszasrrpmobbpaeqzchceshkw/Build/Intermediates.noindex/Pods.build/Debug-iphonesimulator/React-Core.build/Objects-normal/x86_64/RCTObjcExecutor.o -index-unit-output-path /Pods.build/Debug-iphonesimulator/React-Core.build/Objects-normal/x86_64/RCTObjcExecutor.o
